  DATE,team,transect,catNum,catSpecies,treeSpecies,collected?,notes,captureWeight,captureWeightDay,newHost,changeID,geInitialWeight,geFinalWeight,geFrassWeight,Late,fate,fateDate,
530,MLDR,301,1001,ORTHRU,MALFL,Y,,0.1207,1,ROSMU,,,,,,T,602,
530,MLDR,301,1002,HYPAUN,MALFL,N,Overwinter,,,CRAXX,PALEVE,,,,,,,
530,MLDR,301,1003,HYPAUN,MALFL,N,Overwinter,,,AMEXX,PALEVE,,,,,,,
530,MLDR,301,1004,HYPAUN,MALFL,Y,T,0.0296,1,MALFL,PALEVE,0.0264,,,,T,606,
530,MLDR,301,1005,HYPAUN,MALFL,Y,,0.0276,1,CRAXX,PALEVE,0.0295,0.0483,0.0185,,D,614,
530,MLDR,301,1006,HYPAUN,MALFL,Y,PP606,0.0338,1,MALPR,PALEVE,0.0519,,,,P,609,
530,MLDR,301,1007,HYPAUN,MALFL,Y,"PP 606, P 607, TOID EMERGED FROM PUPA",0.0614,1,PRUSE,PALEVE,0.0827,,,,T,,
530,MLDR,301,1008,EUPSXX,MALFL,N,,,,NA,,,,,,,,
530,MLDR,301,1009,ORTHRU,MALFL,Y,,0.3254,1,MALFL,,0.2499,,,,D,610,
530,MLDR,301,1010,MALADI,MALFL,N,,,,NA,,,,,,,,
530,MLDR,301,1011,EUPSXX,MALFL,N,,,,NA,,,,,,,,
530,MLDR,301,1012,NOCTXX,MALFL,Y,,0.0196,1,NA,,,,,,D,610,
530,MLDR,301,1013,HYPAUN,MALFL,N,,,,MALPR,PALEVE,,,,,,,
530,MLDR,301,1014,HYPAUN,MALFL,Y,TOIDED,0.0104,1,AMEXX,PALEVE,,,,,T,601,
530,MLDR,301,1015,HYPAUN,MALFL,Y,,0.0316,1,AMEXX,PALEVE,0.0299,0.021,0.0173,,D,614,
530,MLDR,301,1016,HYPAUN,MALFL,Y,,0.0384,1,MALFL,PALEVE,0.0533,0.0458,0.0355,,D,614,
530,MLDR,301,1017,HYPAUN,MALFL,Y,TOIDED,0.0288,1,CRAXX,PALEVE,0.0308,,,,T,606,
530,MLDR,301,1018,HYPAUN,MALFL,Y,IN A BAD WAY ACTUALLY NOT THAT BAD SILK ON LEAF,0.0117,1,CRAXX,PALEVE,0.0109,,,,T,606,
530,MLDR,301,1019,HYPAUN,MALFL,Y,PP606,0.0837,1,MALFL,PALEVE,0.0897,,,,P,607,
530,MLDR,301,1020,HYPAUN,MALFL,Y,PP606,0.0545,1,AMEXX,PALEVE,0.0724,,,,P,608,
530,MLDR,301,1021,HYPAUN,MALFL,Y,MAYBE TOID,0.0333,1,AMEXX,PALEVE,0.0301,,,,T,606,
530,MLDR,301,1022,HYPAUN,MALFL,Y,,0.0331,1,CRAXX,PALEVE,0.0424,0.0545,0.0711,,P,614,
530,MLDR,301,1023,ZALEXX,MALFL,Y,"VERY COOL, MB",0.1372,1,CRAXX,CATOUL,0.2349,,,,P,616,
530,MLDR,301,1024,MELACA,MALFL,N,DOA,,,NA,,,,,,,,
530,MLDR,301,1025,HYPAUN,MALFL,Y,,0.0301,1,MALFL,PALEVE,0.0233,0.0786,0.1188,,P,614,
530,MLDR,301,1026,HYPAUN,MALFL,Y,,0.0283,1,MALFL,PALEVE,0.03,,,,T,606,
530,MLDR,301,1027,HYPAUN,MALFL,Y,PP606,0.0815,1,AMEXX,PALEVE,0.0909,,,,P,607,
530,MLDR,301,1028,HYPAUN,MALFL,Y,DYING 531,0.0324,1,MALFL,PALEVE,0.0366,,,,P,,
530,MLDR,301,1029,PHIGST,MALFL,N,,,,NA,,,,,,,,
530,MLDR,301,1030,HYPAUN,MALFL,Y,,0.0333,1,MALPR,,0.0375,0.078,0.1064,,D,614,
530,MLDR,301,1031,CROCNO,ROSMU,Y,,0.0092,1,NA,,,,,,D,613,
530,MLDR,301,1032,CROCNO,BERTH,Y,PP 704,0.0101,1,NA,,,,,,P,815,
530,MLDR,301,1033,ORTHRU,MALFL,Y,,0.2303,1,MALFL,,0.3862,,,,PP,609,
530,MLDR,301,1034,HYPAUN,MALFL,Y,TOIDED,0.0144,1,MALFL,PALEVE,,,,,T,602,
530,MLDR,301,1035,HYPAUN,MALFL,Y,IN BUTTERFLY NET PP606,0.037,1,MALFL,PALEVE,0.0516,,,,P,609,
530,MLDR,301,1036,HYPAUN,MALFL,Y,,0.0352,1,MALFL,PALEVE,0.0473,,,,P,,
530,MLDR,301,1037,LITHXX,MALFL,N,,,,NA,,,,,,,,
530,MLDR,301,1038,NEMARE,MALFL,N,,,,NA,,,,,,,,
530,MLDR,301,1039,PHIGST,MALFL,N,,,,NA,,,,,,,,
530,MLDR,301,1040,ORTHRU,MALFL,Y,"Transitioned instar in vial, most likely underweight",0.0499,1,PRUSE,,0.0605,,,,T,607,
530,MLDR,301,1041,HYPAUN,MALFL,Y,,0.0255,1,CRAXX,PALEVE,0.0182,,,,T,606,
530,MLDR,301,1042,HYPAUN,MALFL,Y,,0.1237,1,MALFL,PALEVE,0.1193,,,,P,606,
530,MLDR,301,1043,ORTHRU,MALFL,Y,,0.0561,1,ROSMU,HIMEFI,0.0389,,,,D,613,
530,MLDR,301,1044,HYPAUN,MALFL,Y,,0.0249,1,MALFL,PALEVE,0.025,,,,T,606,
530,MLDR,301,1045,ORTHRU,CELOR,Y,TOIDED,0.1733,1,NA,,,,,,D,617,
530,MLDR,301,1046,HYPAUN,CELOR,Y,,0.0886,1,NA,PALEVE,,,,,D,610,
530,MLDR,301,1047,ORTHRU,CELOR,Y,,0.1528,1,NA,,,,,,D,609,
530,MLDR,301,1048,HYPAUN,CELOR,Y,,0.0159,1,NA,PALEVE,,,,,D,606,
530,MLDR,301,1049,HYPAUN,MALFL,Y,DEAD BY FUNGUS,0.0535,1,AMEXX,PALEVE,0.0386,,,,D,606,
530,MLDR,301,1050,ORTHRU,MALFL,Y,TOIDED,0.061,1,PRUSE,,,,,,T,602,
530,MLDR,301,1051,MESORU,MALFL,Y,PP 616,0.0225,1,NA,,,,,,PP,616,
530,MLDR,301,1052,HYPAUN,MALFL,Y,NOT NOT HYPAUN,0.0624,1,MALFL,,,,,,PP,610,
530,MLDR,302,1053,HYPAUN,CRAXX,Y,,0.0166,1,MALFL,PALEVE,0.0111,,,,T,606,
530,MLDR,302,1054,ZALEXX,CRAXX,Y,,0.0799,1,NA,,,,,,T,603,
530,MLDR,302,1055,HYPAUN,CRAXX,Y,"PP 607, T",0.0511,1,PRUSE,PALEVE,0.0849,,,,PP,607,
530,MLDR,302,1056,HYPAUN,CRAXX,Y,PP607,0.0395,1,PRUSE,PALEVE,0.0669,,,,P,607,
530,MLDR,302,1057,HYPAUN,PRUSE,Y,PP 607,0.0454,1,MALPR,PALEVE,0.0796,,,,P,609,
530,MLDR,302,1058,HYPAUN,PRUSE,Y,DEAD BY FUNGUS,0.0179,1,CRAXX,PALEVE,0.0296,,,,D,606,
530,MLDR,302,1059,ORTHRU,PRUSE,Y,,0.016,1,PRUSE,,0.0329,,,,D,607,
530,MLDR,302,1060,ORTHRU,PRUSE,Y,,0.0322,1,AMEXX,,0.0607,0.0689,0.0797,,D,616,
530,MLDR,302,1061,AMPHPY,PRUSE,N,,,,NA,,,,,,,,
530,MLDR,302,1062,HYPAUN,CRAXX,Y,,0.0144,1,CRAXX,PALEVE,,,,,T,531,
530,MLDR,302,1063,HYPAUN,CRAXX,Y,"PARASITOID, Toid emerged before weighing, weighed with toid and dead caterpillar together",0.0103,1,CRAXX,PALEVE,,,,,T,530,
530,MLDR,302,1064,AMPHPY,CRAXX,N,,,,NA,,,,,,,,
530,MLDR,302,1065,MICROX,CRAXX,N,,,,NA,,,,,,,,
530,MLDR,302,1066,ORTHRU,CRAXX,Y,,0.2538,1,PRUSE,,0.2844,0.3733,0.1889,,PP,618,
530,MLDR,302,1067,EUPSXX,PRUSE,N,,,,NA,,,,,,,,
530,MLDR,302,1068,ZALEXX,CRAXX,Y,T,0.0693,1,NA, CATOUL,,,,,D,610,
,,,1069,,,N,,,,NA,,,,,,,,
,,,1070,,,N,,,,NA,,,,,,,,
,,,1071,,,N,,,,NA,,,,,,,,
,,,1072,,,N,,,,NA,,,,,,,,
,,,1073,,,N,,,,NA,,,,,,,,
,,,1074,,,N,,,,NA,,,,,,,,
531,MLDR,303,1075,LITHXX,AMEXX,N,,,,NA,,,,,,,,
531,MLDR,303,1076,AMPHPY,PRUSE,N,,,,NA,,,,,,,,
531,MLDR,303,1077,EUPSXX,AMEXX,N,,,,NA,,,,,,,,
531,MLDR,303,1078,ORTHRU,AMEXX,Y,BAD WAY,0.478,1,MALFL,,,,,,T,601,
531,MLDR,303,1079,IRIDEP,AMEXX,N,,,,NA,,,,,,,,
531,MLDR,303,1080,HYPAUN,AMEXX,Y,PP 606,0.0717,1,PRUSE,PALEVE,0.0712,,,,T,609,
531,MLDR,303,1081,HYPAUN,AMEXX,Y,PP 606,0.0775,1,CRAXX,PALEVE,0.0679,,,,P,607,
531,MLDR,303,1082,HYPAUN,AMEXX,Y,PP OR DYING 607,0.0551,1,AMEXX,PALEVE,0.0637,,,,PP,608,
531,MLDR,303,1083,HYPAUN,AMEXX,Y,PP 606,0.0765,1,AMEXX,PALEVE,0.0666,,,,P,607,
531,MLDR,303,1084,HYPAUN,AMEXX,Y,"T, P 606, TOID EMERGED FROM PUPA",0.1123,1,MALPR,PALEVE,0.0835,,,,T,,
531,MLDR,303,1085,HYPAUN,CRAXX,Y,,0.0822,1,MALFL,PALEVE,0.072,,,,T,606,
531,MLDR,303,1086,HYPAUN,AMEXX,Y,,0.1037,1,PRUSE,PALEVE,0.0753,,,,P,606,
531,MLDR,303,1087,PSEUCY,AMEXX,Y,,0.0015,1,NA,SCHIUN,,,,,D,603,
531,MLDR,303,1088,PSEUCY,AMEXX,Y,,0.0009,1,NA,SCHIUN,,,,,PP,711,
531,MLDR,303,1089,HYPAUN,AMEXX,Y,PP 606,0.0969,1,CRAXX,PALEVE,0.0798,,,,P,609,
531,MLDR,303,1090,HYPAUN,AMEXX,Y,,0.0654,1,MALFL,PALEVE,,,,,T,602,
531,MLDR,303,1091,HYPAUN,AMEXX,Y,TOID,0.0103,1,CRAXX,PALEVE,,,,,T,601,
531,MLDR,303,1092,HYPAUN,AMEXX,Y,PP 606,0.0877,1,MALFL,PALEVE,0.0667,,,,P,608,
531,MLDR,303,1093,HYPAUN,AMEXX,Y,PP 606,0.0889,1,MALFL,PALEVE,0.0779,,,,P,607,
531,MLDR,303,1094,HYPAUN,AMEXX,Y,,0.0637,1,MALFL,PALEVE,0.0577,,,,T,606,
531,MLDR,303,1095,HYPAUN,AMEXX,Y,PP 607,0.059,1,MALFL,PALEVE,0.0592,,,,PP,607,
531,MLDR,303,1096,HYPAUN,AMEXX,Y,,0.0236,1,PRUSE,PALEVE,,,,,T,601,
531,MLDR,303,1097,LITHXX,CRAXX,N,,,,NA,,,,,,,,
531,MLDR,303,1098,ORTHRU,CRAXX,Y,AMPHPY?,0.1967,1,PRUSE,,0.2091,,,,PP,610,
531,MLDR,303,1099,ORTHRU,AMEXX,Y,TOID,0.1214,1,MALFL,,0.0809,,,,T,606,
531,MLDR,303,1100,HYPAUN,PRUSE,Y,,0.0549,1,AMEXX,PALEVE,0.0527,0.0361,0.0335,,D,614,
531,MLDR,303,1101,NOCTXX,PRUSE,Y,PYREXX?,0.0022,1,AMEXX,HIMEFI,0.0123,0.041,0.0549,,P,718,
531,MLDR,303,1102,HYPAUN,CRAXX,Y,,0.0489,1,MALFL,PALEVE,0.0458,,,,D,607,
531,MLDR,303,1103,HYPAUN,CRAXX,Y,T,0.0383,1,AMEXX,PALEVE,0.0376,,,,T,606,
531,MLDR,303,1104,GEOMXX,CRAXX,TEMP,PHOTO AND RELEASE,0.1179,1,NA,,,,,,T,603,
531,MLDR,303,1105,EUPIMI,CRAXX,N,,,,NA,,,,,,,,
531,MLDR,303,1106,PROTPO,CRAXX,N,,,,NA,,,,,,,,
531,MLDR,303,1107,HYPAUN,CRAXX,Y,,0.0688,1,AMEXX,PALEVE,0.0692,,,,T,606,
531,MLDR,303,1108,HYPAUN,CRAXX,Y,,0.0558,1,MALFL,PALEVE,0.0589,,,,P,,
531,MLDR,303,1109,HYPAUN,CRAXX,Y,"T, PP 607",0.0704,1,MALFL,PALEVE,0.0735,,,,P,609,
531,MLDR,303,1110,HYPAUN,CRAXX,Y,PP 606,0.0785,1,MALFL,PALEVE,0.0931,,,,P,609,
531,MLDR,303,1111,EUPIMI,CRAXX,N,,,,NA,,,,,,,,
531,MLDR,303,1112,HYPAUN,AMEXX,Y,,0.0979,1,MALFL,PALEVE,0.0703,,,,T,606,
531,MLDR,303,1113,EUPIXX,AMEXX,N,,,,NA,,,,,,,,
531,MLDR,303,1114,EUPIXX,AMEXX,N,,,,NA,,,,,,,,
531,MLDR,303,1115,HYPAUN,CRAXX,Y,,0.0487,1,MALFL,PALEVE,0.0498,,,,D,607,
531,MLDR,303,1116,HYPAUN,CRAXX,Y,TOID,0.031,1,CRAXX,PALEVE,0.0219,,,,T,606,
531,MLDR,303,1117,MICROX,CRAXX,N,,,,NA,,,,,,,,
531,MLDR,303,1118,HYPAUN,CRAXX,Y,PP 602,0.0893,1,MALFL,PALEVE,0.0585,,,,P ,606,
531,MLDR,303,1119,MICROX,CRAXX,N,,,,NA,,,,,,,,
531,MLDR,303,1120,MICROX,AMEXX,N,,,,NA,,,,,,,,
531,MLDR,303,1121,HYPAUN,AMEXX,Y,PP 607,0.0756,1,MALFL,PALEVE,0.0616,,,,P,609,
531,MLDR,303,1122,HYPAUN,AMEXX,Y,,0.0312,1,CRAXX,PALEVE,0.0432,0.0637,0.1382,,P,614,
531,MLDR,303,1123,HYPAUN,AMEXX,Y,,0.1059,1,MALFL,PALEVE,0.0902,,,,P,606,
531,MLDR,303,1124,HYPAUN,AMEXX,Y,TOID,0.0952,1,MALPR,PALEVE,0.0823,,,,D,606,
531,MLDR,303,1125,MELACA,AMEXX,Y,COULD BE MESORU,0.0117,1,NA,,,,,,D,615,
531,MLDR,303,1126,NOCTXX,AMEXX,Y,GREEN+ORTHISH,0.0213,1,ROSMU,HIMEFI,0.0068,,,,MIA,612,
,,,1127,,,N,,,,NA,,,,,,,,
,,,1128,,,N,,,,NA,,,,,,,,
,,,1129,,,N,,,,NA,,,,,,,,
,,,1130,,,N,,,,NA,,,,,,,,
,,,1131,,,N,,,,NA,,,,,,,,
,,,1132,,,N,,,,NA,,,,,,,,
,,,1133,,,N,,,,NA,,,,,,,,
,,,1134,,,N,,,,NA,,,,,,,,
,,,1135,,,N,,,,NA,,,,,,,,
,,,1136,,,N,,,,NA,,,,,,,,
,,,1137,,,N,,,,NA,,,,,,,,
,,,1138,,,N,,,,NA,,,,,,,,
,,,1139,,,N,,,,NA,,,,,,,,
,,,1140,,,N,,,,NA,,,,,,,,
,,,1141,,,N,,,,NA,,,,,,,,
,,,1142,,,N,,,,NA,,,,,,,,
,,,1143,,,N,,,,NA,,,,,,,,
,,,1144,,,N,,,,NA,,,,,,,,
,,,1145,,,N,,,,NA,,,,,,,,
,,,1146,,,N,,,,NA,,,,,,,,
,,,1147,,,N,,,,NA,,,,,,,,
,,,1148,,,N,,,,NA,,,,,,,,
601,ML,305,1149,IRIDEP,PRUSE,N,,,,NA,,,,,,,,
601,ML,305,1150,MICROX,PRUSE,N,,,,NA,,,,,,,,
601,ML,305,1151,MELACA,PRUSE,N,,,,NA,,,,,,,,
601,ML,305,1152,ORGYLE,PRUSE,N,,,,NA,,,,,,,,
601,ML,305,1153,ORTHHI,ELEAN,N,,,,NA,,,,,,,,
601,ML,305,1154,MICROX,RUBXX,N,,,,NA,,,,,,,,
601,ML,305,1155,MICROX,RUBXX,N,,,,NA,,,,,,,,
601,ML,305,1156,PROCLI,RUBXX,N,,,,NA,,,,,,,,
601,ML,305,1157,PUPAXX,RUBXX,Y,,0.0265,1,NA,,,,,,P,601,
601,ML,305,1158,PTEROXX,RUBXX,Y,,0.005,1,NA,GEINBU,,,,,D,607,
601,ML,305,1159,PTEROXX,RUBXX,N,DIF,,,NA,,,,,,,,
601,ML,305,1160,PTEROXX,RUBXX,Y,,0.0098,1,NA,,,,,,P,606,
601,ML,305,1161,MELACA,RUBXX,Y,,0.0101,1,NA,LOMOSE,,,,,P,620,
601,ML,305,1162,ORGYLE,ROSMU,Y,PP 718,0.0045,1,NA,,,,,,P,722,
601,ML,305,1163,MELACA,RUBXX,Y,PP714,0.0036,1,RUBXX,,0.0052,0.0134,0.0121,,PP,714,
601,ML,305,1164,PTEROXX,RUBXX,N,,,,NA,,,,,,,,
601,ML,305,1165,NOCTXX,RUBXX,Y,,0.0046,1,PRUSE,HIMEFI,0.0063,,,,D,613,
601,ML,305,1166,PTEROXX,RUBXX,Y,,0.0112,1,NA,,,,,,P,606,
601,ML,305,1167,PTEROXX,RUBXX,Y,,0.0106,1,NA,,,,,,T,607,
601,ML,305,1168,PTEROXX,RUBXX,Y,,0.0095,1,NA,,,,,,P,606,
601,ML,305,1169,MICROX,RUBXX,N,,,,NA,,,,,,,,
601,ML,305,1170,PROCLI,RUBXX,N,,,,NA,,,,,,,,
601,ML,305,1171,PTEROXX,RUBXX,Y,,0.0091,1,NA,,,,,,P,606,
601,ML,305,1172,PTEROXX,RUBXX,Y,,0.015,1,NA,,,,,,T,610,
601,ML,305,1173,PTEROXX,RUBXX,Y,,0.0082,1,NA,,,,,,P,610,
601,ML,305,1174,MICROX,ROSMU,N,,,,NA,,,,,,,,
601,MLDR,306,1175,LITHXX,PRUSE,N,,,,NA,,,,,,,,
601,MLDR,306,1176,HYPAUN,PRUSE,Y,,0.1174,1,AMEXX,PALEVE,0.0785,,,,P,606,
601,MLDR,306,1177,ORTHRU,PRUSE,Y,,0.0687,1,MALFL,,0.0681,0.2011,0.3264,,D,620,
601,MLDR,306,1178,MELACA,PRUSE,Y,"NOT MELACA, PP?607, MAYBE SAME AS 1208",0.0552,1,NA,,,,,,P,610,
601,MLDR,306,1179,HIMEFI,PRUSE,Y,PP 618,0.0757,1,PRUSE,,0.1425,0.1712,0.1796,,PP,618,
601,MLDR,306,1180,HIMEFI,PRUSE,Y,PP 701,0.0173,1,ROSMU,,0.0293,0.0838,0.1003,,P,704,
601,MLDR,306,1181,LITHXX,PRUSE,N,,,,NA,,,,,,,,
601,MLDR,306,1182,EUPIMI,PRUSE,N,,,,NA,,,,,,,,
601,MLDR,306,1183,LITHXX,PRUSE,N,,,,NA,,,,,,,,
601,MLDR,306,1184,LITHXX,PRUSE,N,,,,NA,,,,,,,,
601,MLDR,306,1185,NOCTXX,PRUSE,Y,,0.0077,1,ROSMU,HIMEFI,0.0139,0.0548,0.0495,,D,629,
601,MLDR,306,1186,EUPSXX,PRUSE,N,,,,NA,,,,,,,,
601,MLDR,306,1187,MELACA,PRUSE,Y,"YELLOW STRIPE, PP 615",0.0029,1,NA,,,,,,PP,615,
601,MLDR,306,1188,HYPAUN,PRUSE,Y,,0.0872,1,MALFL,PALEVE,0.0678,,,,P,,
601,MLDR,306,1189,EUPISW,AMEXX,N,,,,NA,,,,,,,,
601,MLDR,306,1190,ZALEXX,AMEXX,Y,,-1,1,NA,,,,,,T,601,
601,MLDR,306,1191,HYPAUN,AMEXX,Y,PP 606,0.112,1,AMEXX,PALEVE,0.0918,,,,P,608,
601,MLDR,306,1192,MICROX,AMEXX,N,,,,NA,,,,,,,,
601,MLDR,306,1193,ORTHRU,MALFL,Y,,0.0945,1,PRUSE,,0.0837,,,,,,
601,MLDR,306,1194,HYPAUN,MALFL,Y,PP 606,0.0793,1,MALFL,PALEVE,0.0757,,,,PP,606,
601,MLDR,306,1195,FIGST,MALFL,N,,,,NA,,,,,,,,
601,MLDR,306,1196,MICROX,MALFL,N,,,,NA,,,,,,,,
601,MLDR,306,1197,HYPAUN,MALPR,N,,,,AMEXX,,,,,,,,
601,MLDR,306,1198,HYPAUN,MALPR,Y,T BUT SOMEHOW STILL ALIVE,0.1012,1,MALFL,PALEVE,0.0084,,,,T,606,
601,MLDR,306,1199,MELACA,MALPR,Y,,0.0151,1,NA,,,,,,,,
601,MLDR,306,1200,ORTHHI,MALPR,Y,PP 609,0.2966,1,MALFL,,0.2529,,,,T,,
601,MLDR,306,1201,HYPAUN,MALPR,N,,,,AMEXX,,,,,,,,
601,MLDR,306,1202,MICROX,MALPR,N,,,,NA,,,,,,,,
601,MLDR,306,1203,PROCLI,MALPR,N,,,,NA,,,,,,,,
601,MLDR,306,1204,HYPAUN,MALPR,Y,PP 613,0.0839,1,AMEXX,MELACA,,,,,PP,613,
601,MLDR,306,1205,HYPAUN,MALPR,N,,,,MALFL,PALEVE,,,,,MIA,601,
601,MLDR,306,1206,FIGST,PRUSE,N,,,,NA,,,,,,,,
601,MLDR,306,1207,FIGST,PRUSE,N,,,,NA,,,,,,,,
601,MLDR,306,1208,MELACA,PRUSE,Y,"MAYBE SAME AS 1178, NOT MELACA",0.0217,1,NA,,,,,,PP,610,
601,MLDR,306,1209,PROCLI,PRUSE,N,,,,NA,,,,,,,,
601,MLDR,306,1210,ORTHRU,PRUSE,Y,T,0.0568,1,ROSMU,,,,,,T,602,
601,MLDR,306,1211,ORTHRU,PRUSE,Y,PP 614,0.1414,1,MALFL,,0.1566,0.3818,0.8565,,PP,614,
601,MLDR,306,1212,ORTHRU,PRUSE,Y,UNDERFED,0.1542,1,MALFL,,0.1512,,,,D,610,
601,MLDR,306,1213,HIMEFI,PRUSE,Y,PP 616,0.0484,1,RUBXX,,0.091,0.2321,0.2993,,PP,616,
601,MLDR,306,1214,EUPIMI,PRUSE,N,,,,NA,,,,,,,,
601,MLDR,306,1215,HYPAUN,PRUSE,Y,"P 606, TOID EMERGED FROM PUPA, ACTUALLY HYPAUN",0.3728,1,MALFL,,,,,,T,627,
601,MLDR,306,1216,ORTHRU,PRUSE,Y,,0.1192,1,PRUSE,,0.1347,,,,D,606,
601,MLDR,306,1217,ORTHRU,PRUSE,Y,,0.3529,1,PRUSE,,0.4508,,,,D,606,
601,MLDR,306,1218,HYPAUN,CRAXX,Y,,0.0327,1,AMEXX,PALEVE,0.0286,0.0181,0.0136,,D,614,
601,MLDR,306,1219,ORTHRU,PRUSE,Y,,0.0958,1,MALFL,,0.0916,0.1514,0.1388,,D,614,
,,,1220,,,N,,,,,,,,,,,,
,,,1221,,,N,,,,,,,,,,,,
,,,1222,,,N,,,,,,,,,,,,
602,MLDR,307,1223,NEMARE,VIBAC,N,,,,,,,,,,,,
602,MLDR,307,1224,MICROX,VIBAC,N,,,,,,,,,,,,
602,MLDR,307,1225,EUPIJE,VIBAC,N,,,,,,,,,,,,
602,MLDR,307,1226,PHIGST,VIBAC,N,,,,,,,,,,,,
602,MLDR,307,1227,EUPSXX,VIBAC,N,,,,,,,,,,,,
602,MLDR,307,1228,EUPISW,VIBAC,Y,,0.0131,1,,,,,,,D,614,
602,MLDR,308,1229,MICROX,VIBAC,N,,,,,,,,,,,,
602,MLDR,308,1230,CROCNO,VIBAC,Y,,0.0252,1,,,,,,,P,706,
602,MLDR,308,1231,MICROX,BERTH,N,,,,,,,,,,,,
602,MLDR,308,1232,ORTHRU,VIBAC,Y,PP 613,0.1647,1,NA,,,,,,PP,613,
602,MLDR,308,1233,LAMBFI,BERTH,Y,,0.0021,1,,,,,,,D,613,
602,MLDR,309,1234,ORTHRU,LIGOB,Y,,0.1113,1,,,,,,,T,606,
602,MLDR,309,1235,PROCLI,VIBSI,Y,,0.0864,1,,,,,,,T,603,
602,MLDR,309,1236,ZALEXX,VIBSI,Y,TOID,0.0271,1,,,,,,,T,603,
602,MLDR,309,1237,HYPAUN,ROSMU,Y,"ACTUAL HYPAUN, PP 613",0.0337,1,,,,,,,PP,,
602,MLDR,309,1238,ORTHRU,ROSMU,Y,,0.0397,1,MALFL,,0.0328,,,,D,610,
602,MLDR,309,1239,HYPAUN,ROSMU,Y,E IRIDLA? MIA 624,0.0286,1,,IRIDLA,,,,,P,624,
602,MLDR,309,1240,EUPSXX,ROSMU,N,,,,,,,,,,,,
602,MLDR,309,1241,MICROX,ROSMU,N,,,,,,,,,,,,
602,MLDR,309,1242,EUPIMI,ROSMU,N,,,,,,,,,,,,
602,MLDR,309,1243,MICROX,VIBSI,N,,,,,,,,,,,,
602,MLDR,309,1244,HYPAUN,ROSMU,Y,,0.0193,1,,ANTETH,,,,,D,616,
602,MLDR,309,1245,ORTHRU,ROSMU,Y,PP 706,0.0276,1,PRUSE,,0.0234,0.0877,0.0486,,PP,706,
602,MLDR,309,1246,ORTHRU,ROSMU,Y,TOID,0.1059,1,PRUSE,,0.0902,,,,T,606,
602,MLDR,309,1247,ORTHRU,VIBSI,Y,T?,0.0927,1,NA,,,,,,D,609,
602,MLDR,309,1248,MALADI,ROSMU,N,,,,,,,,,,,,
602,MLDR,309,1249,NOCTXX,LIGOB,Y,,0.0057,1,LIGOB,ACHADI,0.0277,0.0398,0.0335,,P,908,
602,MLDR,310,1250,EUPIXX,LIGOB,Y,,0.0083,1,,,,,,,T,613,
602,MLDR,310,1251,MICROX,VIBDI,N,,,,,,,,,,,,
602,MLDR,310,1252,MELACA,VIBDI,Y,PP 701,0.0065,1,VIBDI,ENNOSU,0.0361,0.125,0.3176,,PP,701,
602,MLDR,310,1253,ORTHRU,LIGOB,Y,,0.0222,1,,,,,,,D,613,
602,MLDR,310,1254,PROCLI,LIGOB,Y,,0.1004,1,,,,,,,D,627,
602,MLDR,310,1255,LITHXX,PRUSE,N,,,,,,,,,,,,
602,MLDR,310,1256,ORTHXX,PRUSE,Y,,0.0677,1,PRUSE,,0.0576,,,,D,610,
602,MLDR,310,1257,EUPIXX,PRUSE,Y,,0.0273,1,,,,,,,P,607,
602,MLDR,310,1258,GEOMXX,PRUSE,Y,,0.0376,1,,,,,,,T,607,
,,,1259,,,N,,,,,,,,,,,,
606,MLDR,311,1260,MELACA,ROSMU,Y,NOT CROCNO PP 623,0.0077,1,ROSMU,EUPIXX,0.0195,0.0137,0.035,,PP,623,
606,MLDR,311,1261,ZALEXX,ROSMU,Y,HIMEFI?,0.0085,1,ROSMU,ACHADI,0.1717,0.2147,0.4622,,PP,725,
606,MLDR,311,1262,MICROX,VIBDI,N,,,,,,,,,,,,
606,MLDR,311,1263,EUPIMI,VIBDI,Y,PP 616,0.0111,1,VIBLE,,,,,,PP,616,
606,MLDR,311,1264,MELACA,FRAAM,Y,PP,613,1,,,,,,,PP,613,
606,MLDR,312,1265,HIMEFI,ROSMU,Y,,0.0491,1,ROSMU,,0.0423,0.0521,0.0777,,T,620,
606,MLDR,312,1266,MESORU,PRUSE,Y,"MAYBE TOID, PP 616, E, MB",0.0151,1,,,,,,,P,620,
606,MLDR,312,1267,PALEVE,PRUSE,Y,,0.1319,1,,,,,,,P,615,
606,MLDR,312,1268,GEOMXX,PRUSE,Y,MELACA?,0.0026,1,,LOMOVE?,,,,,D,620,
606,MLDR,312,1269,ORTHHI,MALFL,Y,PP 626,0.2466,1,ROSMU,,0.205,0.3734,0.6137,,PP,626,
606,MLDR,312,1270,ORTHHI,MALFL,Y,,0.3078,1,,,,,,,T,615,
606,MLDR,312,1271,HIMEFI,MALFL,Y,,0.0802,1,PRUSE,,0.0608,,,,D,613,
606,MLDR,312,1272,MICROX,PRUSE,N,,,,,,,,,,,,
606,MLDR,312,1273,LITHXX,FRAAM,N,,,,,,,,,,,,
606,MLDR,312,1274,ANTETH,ROSMU,Y,TOID,0.0918,1,,,,,,,T,613,
606,MLDR,312,1275,ORTHRU,RUBXX,Y,,0.0966,1,ROSMU,,0.1304,,,,T,613,
606,MLDR,312,1276,LITHXX,MALFL,N,,,,,,,,,,,,
606,MLDR,312,1277,ENNOSU,MALFL,Y,"E, MB",0.0791,1,,,,,,,PP,630,
606,MLDR,312,1278,ORTHRU,ROSMU,Y,SORTA MISSING ISH PP 618,0.4301,1,RUBXX,,0.2985,,,,PP,618,
,,,1279,,,N,,,,,,,,,,,,
,,,1280,,,N,,,,,,,,,,,,
,,,1281,,,N,,,,,,,,,,,,
,,,1282,,,N,,,,,,,,,,,,
,,,1283,,,N,,,,,,,,,,,,
,,,1284,,,N,,,,,,,,,,,,
,,,1285,,,N,,,,,,,,,,,,
,,,1286,,,N,,,,,,,,,,,,
,,,1287,,,N,,,,,,,,,,,,
,,,1288,,,N,,,,,,,,,,,,
,,,1289,,,N,,,,,,,,,,,,
,,,1290,,,N,,,,,,,,,,,,
,,,1291,,,N,,,,,,,,,,,,
,,,1292,,,N,,,,,,,,,,,,
,,,1293,,,N,,,,,,,,,,,,
,,,1294,,,N,,,,,,,,,,,,
,,,1295,,,N,,,,,,,,,,,,
,,,1296,,,N,,,,,,,,,,,,
607,MLDR,313,1297,MELACA,MALSI,Y,PP 615,0.0979,1,,ENNOSU,,,,,P,621,
607,MLDR,313,1298,MELACA,VIBDI,Y,PP 630,0.009,1,VIBLE,,0.0193,0.0884,0.0716,,PP,630,
607,MLDR,313,1299,MELACA,VIBDI,Y,,0.0041,1,,,,,,,D,610,
607,MLDR,313,1300,CROCNO,ROSMU,Y,PP 714,0.0552,1,,,,,,,PP,714,
607,MLDR,313,1301,MICROX,VIBDI,N,,,,,,,,,,,,
607,MLDR,313,1302,MICROX,VIBDI,N,,,,,,,,,,,,
607,MLDR,313,1303,MICROX,VIBDI,N,,,,,,,,,,,,
607,MLDR,313,1304,MICROX,VIBDI,N,,,,,,,,,,,,
607,MLDR,313,1305,MICROX,VIBDI,N,,,,,,,,,,,,
607,MLDR,313,1306,MICROX,PRUSE,N,,,,,,,,,,,,
607,MLDR,315,1307,ZALEXX,VIBDE,Y,PP 622 E 719,0.006,1,,,,,,,E,719,
607,MLDR,315,1308,HIMEFI,ROSMU,Y,PP 620,0.113,1,ROSMU,,0.1598,0.2953,0.5863,,PP,620,
607,MLDR,315,1309,IRIDLA,ROSMU,Y,PP 613,0.0526,1,,,,,,,PP,613,
607,MLDR,315,1310,HIMEFI,ROSMU,Y,,0.0626,1,PRUSE,,0.0532,,,,T,613,
607,MLDR,315,1311,PUPAXX,VIBDE,Y,E 617 R 617,-99,1,,,,,,,E,617,
607,MLDR,315,1312,LITHAN,CRAXX,Y,TOID,0.177,1,,,,,,,T,617,
607,MLDR,315,1313,CROCNO,VIBLE,Y,PP 706,0.0218,1,,,,,,,PP,706,
607,MLDR,315,1314,GEOMXX,VIBLE,Y,,0.0011,1,,,,,,,D,613,
607,MLDR,315,1315,ENNOSU,FRAAM,Y,,0.0257,1,,EUTRCL,,,,,D,705,
607,MLDR,315,1316,PALEVE,CRAXX,Y,,0.0768,1,,,,,,,T,609,
607,MLDR,315,1317,CROCNO,ROSMU,Y,,0.0037,1,,EUPIMI,,,,,D,613,
,,,1318,,,N,,,,,,,,,,,,
,,,1319,,,N,,,,,,,,,,,,
,,,1320,,,N,,,,,,,,,,,,
,,,1321,,,N,,,,,,,,,,,,
,,,1322,,,N,,,,,,,,,,,,
,,,1323,,,N,,,,,,,,,,,,
,,,1324,,,N,,,,,,,,,,,,
,,,1325,,,N,,,,,,,,,,,,
,,,1326,,,N,,,,,,,,,,,,
,,,1327,,,N,,,,,,,,,,,,
,,,1328,,,N,,,,,,,,,,,,
,,,1329,,,N,,,,,,,,,,,,
,,,1330,,,N,,,,,,,,,,,,
,,,1331,,,N,,,,,,,,,,,,
,,,1332,,,N,,,,,,,,,,,,
,,,1333,,,N,,,,,,,,,,,,
608,MLDR,316,1334,HIMEFI,MALFL,Y,toided when weighed,0.0537,2,,,,,,,T,610,
608,MLDR,316,1335,PALEVE,MALFL,Y,,0.0706,2,,,,,,,P,615,
608,MLDR,316,1336,HIMEFI,MALFL,Y,T,0.116,2,PRUSE,,0.11069,,,,T,617,
608,MLDR,316,1337,HIMEFI,MALFL,Y,PP 620,0.1335,2,MALFL,,0.1197,0.1893,0.4453,,PP,620,
608,MLDR,316,1338,ZALEXX,MALFL,Y,,0.0007,2,,,,,,,D,613,
608,MLDR,316,1339,PALEVE,MALFL,Y,,0.0822,2,,,,,,,P,615,
608,MLDR,316,1340,MELACA,MALFL,Y,PP 718,0.0119,2,CRAXX,,0.0247,0.0497,0.0765,,P,720,
608,MLDR,316,1341,EUPIXX,MALFL,Y,,0.01,2,PRUSE,,0.0196,,,,P,621,
608,MLDR,316,1342,EUPIXX,ROSMU,Y,weighed as 0.0000 MIA 610,0.0001,2,,,,,,,MIA,613,
608,MLDR,316,1343,HIMEFI,MALSI,Y,,,,,,,,,,,,
608,MLDR,316,1344,HIMEFI,MALFL,Y,"PREPUPAL FOR FINAL GE WEIGHT, PP620",0.1615,2,PRUSE,,0.1492,0.2791,0.444,,PP,620,
608,MLDR,316,1345,PROCLI,MALFL,N,,,,,,,,,,,,
608,MLDR,316,1346,ACROXX,MALFL,Y,,0.0022,2,,,,,,,D,614,
608,MLDR,316,1347,HIMEFI,MALFL,Y,T,0.0208,2,MALFL,,0.017,,,,D,616,
608,MLDR,316,1348,ZALEPG,MALSI,Y,"PP 616, MB",0.4864,2,MALSI,CATOUL,0.4333,,,,PP,616,
608,MLDR,316,1349,ORTHRU,MALSI,Y,PP 704,0.1213,2,MALSI,,0.1112,0.253,0.1787,,PP,704,
608,MLDR,316,1350,ORTHRU,MALSI,Y,MAYBE TOID,0.0881,2,CRAXX,,,,,,D,610,
608,MLDR,316,1351,ZALEPG,MALSI,Y,,0.1184,2,MALSI,CATOUL,0.101,,,,D,616,
608,MLDR,316,1352,ZALEPG,MALSI,Y,MB,0.1815,2,CRAXX,CATOUL,0.1563,0.3572,0.6179,,E,,
608,MLDR,316,1353,HIMEFI,ROSMU,Y,Toided when weighed,0.0261,2,MALFL,,,,,,T,610,
608,MLDR,316,1354,ZALEPG,MALFL,Y,,0.438,2,MALFL,CATOUL,0.3993,,,,D,613,
608,MLDR,316,1355,ACROXX,MALFL,Y,,0.0274,2,MALSI,,0.0238,,,,D,621,
608,MLDR,316,1356,MICROX,MALFL,N,,,,,,,,,,,,
608,MLDR,316,1357,MICROX,MALFL,N,,,,,,,,,,,,
608,MLDR,316,1358,PALEVE,MALFL,Y,T,0.0329,2,,,,,,,T,615,
608,MLDR,316,1359,PALEVE,MALFL,Y,,0.0141,2,MALFL,EUPIXX,,,,,D,616,
608,MLDR,316,1360,MELACA,MALFL,Y,,0.0008,2,,,,,,,D,615,
,,,1361,,,,,,,,,,,,,,,
,,,1362,,,,,,,,,,,,,,,
,,,1363,,,,,,,,,,,,,,,
,,,1364,,,,,,,,,,,,,,,
,,,1365,,,,,,,,,,,,,,,
,,,1366,,,,,,,,,,,,,,,
,,,1367,,,,,,,,,,,,,,,
,,,1368,,,,,,,,,,,,,,,
,,,1369,,,,,,,,,,,,,,,
,,,1370,,,,,,,,,,,,,,,
613,MLDR,320,1371,MEALCA,VIBLE,Y,PP 706,0.0308,1,VIBDI,,0.0324,0.0841,0.1015,,PP,706,
613,MLDR,320,1372,HYAUN,VIBLE,Y,ACTUALLY,0.114,1,,,,,,,P,622,
613,MLDR,320,1373,ROUGEX,LONTA,Y,PP 617,0.0028,1,,,,,,,PP,617,
613,MLDR,320,1374,ORTHRU,PRUVI,Y,PP 706,0.0291,1,PRUVI,,0.0721,0.3204,0.2521,,PP,706,
613,MLDR,320,1375,EUTRCL,VIBDE,Y,PP 627,0.0701,1,,,,,,,PP,627,
613,MLDR,320,1376,ZALEXX,VIBLE,Y,,0.0034,1,,,,,,,D,615,
,,,1377,,,N,,,,,,,,,,,,
,,,1378,,,N,,,,,,,,,,,,
,,,1379,,,N,,,,,,,,,,,,
,,,1380,,,N,,,,,,,,,,,,
,,,1381,,,N,,,,,,,,,,,,
,,,1382,,,N,,,,,,,,,,,,
,,,1383,,,N,,,,,,,,,,,,
,,,1384,,,N,,,,,,,,,,,,
,,,1385,,,N,,,,,,,,,,,,
,,,1386,,,N,,,,,,,,,,,,
,,,1387,,,N,,,,,,,,,,,,
,,,1388,,,N,,,,,,,,,,,,
,,,1389,,,N,,,,,,,,,,,,
,,,1390,,,N,,,,,,,,,,,,
,,,1391,,,N,,,,,,,,,,,,
,,,1392,,,N,,,,,,,,,,,,
,,,1393,,,N,,,,,,,,,,,,
,,,1394,,,N,,,,,,,,,,,,
,,,1395,,,N,,,,,,,,,,,,
,,,1396,,,N,,,,,,,,,,,,
,,,1397,,,N,,,,,,,,,,,,
,,,1398,,,N,,,,,,,,,,,,
,,,1399,,,N,,,,,,,,,,,,
,,,1400,,,N,,,,,,,,,,,,
,,,1401,,,N,,,,,,,,,,,,
,,,1402,,,N,,,,,,,,,,,,
,,,1403,,,N,,,,,,,,,,,,
,,,1404,,,N,,,,,,,,,,,,
,,,1405,,,N,,,,,,,,,,,,
,,,1406,,,N,,,,,,,,,,,,
,,,1407,,,N,,,,,,,,,,,,
614,,,1408,ORGYLE,PRUSE,Y,T,0.0178,1,,,,,,,D,704,
,,,1409,ORGYLE,PRUSE,Y,T,0.0115,1,,,,,,,P,718,
,,,1410,ORGYLE,PRUSE,Y,T,0.0248,1,,,,,,,D,704,
,,,1411,PAPIGL,PRUSE,Y,DISSECTED & DISGRACED,0.5359,1,,,,,,,D,620,
,,,1412,CROCNO,MALFL,Y,,0.0038,1,,MORRCO,,,,,,,
,,,1413,EUPIXX,ROSMU,Y,FAILED EMERGENCE,0.0074,1,PRUSE,,0.0128,,,,T,621,
,,,1414,FURCBO,PRUSE,Y,,0.0036,1,,,,,,,T,,
,,,1415,MORRCO,PRUSE,Y,,0.0141,1,,,,,,,,,
,,,1416,PROCLI,ROSMU,Y,PP 726,0.0037,1,PRUSE,EUTRCL,0.0349,0.1445,0.0952,,PP,726,
,,,1417,HIMEFI,PRUSE,Y,PP 620,0.2442,1,,,,,,,PP,620,
,,,1418,MICROX,PRUSE,N,,,,,,,,,,,,
,,,1419,CATOUL,MALFL,Y,,0.4479,1,,,,,,,D,620,
,,,1420,ACROSU,MALFL,Y,PP 706,0.0249,1,MALFL,ACROIN,0.0258,0.0629,0.0783,,PP,706,
,,,1421,MELACA,MALFL,Y,,0.0044,1,MALFL,,0.004,,,,T,621,
,,,1422,ZALEXX,MALFL,Y,,0.0012,1,,,,,,,D,617,
,,,1423,MORRCO,MALSI,Y,,0.0029,1,,,,,,,D,620,
,,,1424,ACROSU,MALSI,Y,,0.0088,1,CRAXX,ACROCL,0.0065,0.0242,0.0339,,P,718,
,,,1425,ACROSU,MALSI,Y,,0.0013,1,MALSI,ACROIN,0.0003,0.001,0.0016,,P,806,
,,,1426,ACHADI,VIBDI,Y,,0.0482,1,VIBDI,,0.2741,0.2211,0.0245,,D,722,
,,,1427,LITHXX,PRUSE,N,,,,,,,,,,,,
,,,1428,GEOMXX,PRUSE,Y,PP 620,0.0513,1,,,,,,,PP,620,
,,,1429,PAPIGL,FRAAM,Y,FAILED PUPATION? PP630 DON'T OPEN EW,0.4927,1,,,,,,,D,706,
,,,1430,MELACA,RUBXX,Y,MB,0.0225,1,RUBXX,MESORU,0.0165,,,,E,,
,,,1431,MICROX,ROSMU,N,,,,,,,,,,,,
,,,1432,MORRCO,ROSMU,N,,,,,,,,,,,,
,,,1433,ZALEXX,PRUSE,Y,PP 720,0.0091,1,PRUSE,,0.1132,0.4008,0.2407,,P,722,
,,,1434,GEOMXX,PRUSE,Y,,0.0093,1,,EUTRCL,,,,,D,624,
,,,1435,EUPIXX,PRUSE,Y,,0.0083,1,MALFL,,0.0068,0.0074,0.0062,,D,713,
,,,1436,MELACA,PRUSE,Y,"HAD A GROWTH EFFICIENCY FINAL AND FRASS WEIGHT ALREADY IN, WAS .0586 AND .0606, OVERWROTE WITH ACTUAL FINAL AND FRASS WEIGHTS, MUST FIND CATERPILLAR THAT THOSE WEIGHTS WERE INTENDED FOR, ",0.0019,1,PRUSE,,0.0023,0.0068,0.0082,,P,714,
,,,1437,GEOMXX,ROSMU,Y,,0.012,1,,METAHY,,,,,P,722,
,,,1438,EUPIMI,LONMO,Y,,0.0099,1,VIBLE,,0.009,,,,T,623,
,,,1439,EUPIMI,ROSMU,Y,PP 616,0.0265,1,,,,,,,PP,616,
,,,1440,MELACA,ROSMU,Y,PP 704,0.0311,1,RUBXX,,0.0246,0.0545,0.0431,,P,706,
,,,1441,MHIMEFI,ROSMU,Y,PP 722,0.0381,1,,,,,,,P,725,
,,,1442,GEOMXX,ROSMU,Y,,0.0188,1,,METAHY,,,,,P,718,
,,,1443,NOCTXX,LONMO,Y,PP 718,0.0093,1,,HIMEFI,,,,,P,720,
,,,1444,MELACA,RUBXX,Y,,0.0325,1,ROSMU,,0.0269,,,,D,623,
,,,1445,EUPIMI,ROSMU,Y,PP 616,0.0207,1,MALFL,,,,,,PP,616,
,,,1446,ACROSU,CRAXX,Y,PP 627,0.1084,1,MALFL,,0.1694,0.3761,0.4702,,PP,627,
,,,1447,ENNOSU,CRAXX,Y,"PP 616, E, MB",0.1577,1,,,,,,,PP,616,
,,,1448,SCHIUN,CRAXX,Y,PP 725,0.0117,1,,,,,,,P,728,
,,,1449,CORYME,BERTH,Y,,0.0919,1,,,,,,,,,
,,,1450,CORYME,BERTH,Y,,0.0327,1,,,,,,,,,
,,,1451,CORYME,BERTH,Y,,0.0317,1,,,,,,,,,
,,,1452,PUPAXX,BERTH,Y,,-99,1,,,,,,,E,125,
,,,1453,GOMXX,BERTH,Y,,0.0954,1,,ENNOSU,,,,,D,708,
,,,1454,CORYME,BERTH,Y,,0.0057,1,,,,,,,,,
,,,1455,CORYME,BERTH,Y,,0.0061,1,,,,,,,,,
,,,1456,CORYME,BERTH,Y,,0.0149,1,,,,,,,,,
,,,1457,CORYME,BERTH,Y,,0.0313,1,,,,,,,,,
,,,1458,CORYME,BERTH,Y,,0.0017,1,,,,,,,,,
,,,1459,CORYME,BERTH,Y,,0.0026,1,,,,,,,,,
,,,1460,CORYME,BERTH,Y,,0.0307,1,,,,,,,,,
,,,1461,FOURLX,BERTH,N,,,,,,,,,,,,
,,,1462,CORYME,BERTH,Y,,0.0079,1,,,,,,,,,
,,,1463,CORYME,BERTH,Y,,0.0288,1,,,,,,,,,
,,,1464,CORYME,BERTH,Y,,0.0154,1,,,,,,,,,
,,,1465,,,,,,,,,,,,,,,
,,,1466,,,,,,,,,,,,,,,
,,,1467,,,,,,,,,,,,,,,
,,,1468,,,,,,,,,,,,,,,
,,,1469,,,,,,,,,,,,,,,
,,,1470,,,,,,,,,,,,,,,
,,,1471,,,,,,,,,,,,,,,
,,,1472,,,,,,,,,,,,,,,
,,,1473,,,,,,,,,,,,,,,
,,,1474,,,,,,,,,,,,,,,
,,,1475,,,,,,,,,,,,,,,
,,,1476,,,,,,,,,,,,,,,
,,,1477,,,,,,,,,,,,,,,
,,,1478,,,,,,,,,,,,,,,
,,,1479,,,,,,,,,,,,,,,
,,,1480,,,,,,,,,,,,,,,
,,,1481,,,,,,,,,,,,,,,
615,MLDR,324,1482,EREBXX,VIBLE,Y,,0.1906,1,,TOLVE,,,,,P,808,
615,MLDR,324,1483,EUPIXX,VIBLE,Y,REARY SMALL,0.0006,1,VIBDI,,0.0009,,,,D,623,
615,MLDR,324,1484,EUPIXX,LIGOB,Y,,0.0004,1,FRAAM,,0.0014,,,,D,621,
615,MLDR,324,1485,FOURLX,ROSMU,N,,,,,,,,,,,,
615,MLDR,324,1486,HIMEFI,MALFL,Y,PP 706,0.0532,1,,,,,,,PP,706,
615,MLDR,324,1487,MELACA,ROSMU,Y,PP 729,0.0044,1,ROSMU,,0.0044,0.0047,0.0056,,PP,729,
615,MLDR,324,1488,MELACA,CRAXX,Y,TINY NO FRASS,0.0008,1,MALFL,,0.0008,,,,D,621,
,,,1489,,,,,,,,,,,,,,,
,,,1490,,,,,,,,,,,,,,,
,,,1491,,,,,,,,,,,,,,,
,,,1492,,,,,,,,,,,,,,,
,,,1493,,,,,,,,,,,,,,,
,,,1494,,,,,,,,,,,,,,,
,,,1495,,,,,,,,,,,,,,,
,,,1496,,,,,,,,,,,,,,,
,,,1497,,,,,,,,,,,,,,,
,,,1498,,,,,,,,,,,,,,,
,,,1499,,,,,,,,,,,,,,,
,,,1500,,,,,,,,,,,,,,,
,,,1501,,,,,,,,,,,,,,,
,,,1502,,,,,,,,,,,,,,,
,,,1503,,,,,,,,,,,,,,,
,,,1504,,,,,,,,,,,,,,,
,,,1505,,,,,,,,,,,,,,,
,,,1506,,,,,,,,,,,,,,,
,,,1507,,,,,,,,,,,,,,,
,,,1508,,,,,,,,,,,,,,,
,,,1509,,,,,,,,,,,,,,,
,,,1510,,,,,,,,,,,,,,,
,,,1511,,,,,,,,,,,,,,,
,,,1512,,,,,,,,,,,,,,,
,,,1513,,,,,,,,,,,,,,,
,,,1514,,,,,,,,,,,,,,,
,,,1515,,,,,,,,,,,,,,,
,,,1516,,,,,,,,,,,,,,,
,,,1517,,,,,,,,,,,,,,,
,,,1518,,,,,,,,,,,,,,,
616,MLDR,325,1519,MICROX,CRAXX,N,,,,,,,,,,,,
616,MLDR,325,1520,PUPAXX,VIBAC,Y,NEVER EMERGED,-99,1,,,,,,,U,125,
616,MLDR,325,1521,HIMEFI,AMEXX,Y,PP 701,0.191,2,,,,,,,P,704,
616,MLDR,325,1522,LAMBFI,VIBAC,N,,,,,,,,,,,,
616,MLDR,326,1523,SPHIXX,PRUSE,Y,,0.0948,2,,PAONEX,,,,,,,
616,MLDR,326,1524,LOMOSE,PRUSE,Y,PP 620,0.0614,2,,,,,,,PP,620,
616,MLDR,326,1525,LOMOVE,PRUSE,Y,,0.0024,1,PRUSE,,0.0322,,,,P,711,
616,MLDR,326,1526,LOMOVE,PRUSE,Y,,0.0016,1,,,,,,,D,624,
616,MLDR,326,1527,LOMOVE,PRUSE,Y,,0.0007,1,,,,,,,D,624,
616,MLDR,326,1528,LOMOVE,PRUSE,Y,,0.0004,1,MALFL,,0.009,0.0192,0.0282,,MIA,722,
616,MLDR,326,1529,LOMOVE,PRUSE,Y,PP 729,0.0009,2,MALFL,,0.0074,0.0145,0.0221,,PP,729,
616,MLDR,326,1530,MICROX,PRUSE,N,,,,,,,,,,,,
616,MLDR,326,1531,BUTTTX,PRUSE,Y,E,0.0081,2,,HYPESC,,,,,P,706,
616,MLDR,326,1532,MICROX,LONMO,N,,,,,,,,,,,,
616,MLDR,326,1533,MICROX,LONMO,N,,,,,,,,,,,,
616,MLDR,326,1534,PALTAN,LONMO,Y,,0.0172,2,,,,,,,P,714,
616,MLDR,326,1535,MICROX,PRUSE,N,,,,,,,,,,,,
616,MLDR,326,1536,LOMOVE,PRUSE,Y,PP 704,0.0014,2,,,,,,,PP,704,
616,MLDR,326,1537,ANTETH,ROSMU,Y,,0.0522,2,,,,,,,P,,
616,MLDR,326,1538,EUPIMI,ROSMU,Y,,0.0002,2,,,,,,,D,620,
616,MLDR,326,1539,EUPIMI,PRUSE,Y,,0.0015,2,MALFL,,0.0033,0.0046,0.0058,,D,711,
616,MLDR,326,1540,LOMOVE,PRUSE,Y,,0.0075,2,MALFL,,0.0337,,,,P,711,
616,MLDR,326,1541,MELACA,PRUSE,Y,,0.0501,2,MALPR,,0.0745,0.092,0.0262,,P,704,
616,MLDR,326,1542,MICROX,PRUSE,N,,,,,,,,,,,,
616,MLDR,326,1543,EUPIMI,LONMO,Y,,0.0095,1,VIBSI,,0.025,,,,P,627,
616,MLDR,326,1544,HIMEFI,PRUSE,Y,PP 706,0.1115,2,,ORTHHI,,,,,PP,706,
616,MLDR,326,1545,CATOUL,PRUSE,Y,,0.009,2,,,,,,,D,621,
616,MLDR,326,1546,PROCLI,PRUSE,Y,,0.007,2,PRUSE,EUTRCL,0.5757,,,,PP,713,
616,MLDR,326,1547,EUPIMI,LONMO,Y,,0.0002,2,,,0,,,,D,627,
616,MLDR,326,1548,MORRCO,PRUSE,Y,,0.0154,2,,,,,,,,,
616,MLDR,326,1549,LOMOVE,PRUSE,Y,PP 704,0.0039,2,,,,,,,PP,704,
616,MLDR,326,1550,PROCLI,PRUSE,Y,,0.0017,2,ROSMU,EUTRCL,0.035,0.0578,0.0291,,D,806,
616,MLDR,326,1551,LOMOVE,PRUSE,Y,FAILED PUPATION 713,0.003,2,CRAXX,,0.0246,,,,PP,713,
616,MLDR,326,1552,PAPIGL,PRUSE,Y,PP 701,0.3991,2,MALFL,,0.0014,,,,P,704,
616,MLDR,326,1553,LOMOVE,PRUSE,Y,FAILED PUPATION 713,0.0011,2,PRUSE,,0.0195,,,,PP,711,
616,MLDR,326,1554,LOMOVE,ROSMU,N,,,,,,,,,,D,624,
616,MLDR,326,1555,LOMOVE,ROSMU,Y,,0.0041,2,,,,,,,D,624,
616,MLDR,326,1556,MICROX,ROSMU,Y,,0.003,2,,,,,,,,,
616,MLDR,326,1557,LOMOVE,PRUSE,Y,PP 722,0.0001,1,MALFL,,0.0143,0.028,0.0341,,P,725,
616,MLDR,326,1558,LOMOVE,PRUSE,Y,,0.0015,1,CRAXX,,0.04,,,,P,711,
616,MLDR,326,1559,LOMOVE,PRUSE,Y,,0.0014,2,,,,,,,D,620,
616,MLDR,326,1560,SHELLX,PRUSE,Y,,0.0013,1,,ELAPVE,,,,,D,627,
616,MLDR,326,1561,ZALEXX,PRUSE,Y,,0.0004,2,,,,,,,,,
616,MLDR,326,1562,LOMOVE,PRUSE,Y,PP 706,0.0071,2,,MELACA,,,,,PP,706,
616,MLDR,326,1563,LOMOVE,PRUSE,Y,,,1,,,,,,,,,
616,MLDR,326,1564,SHELLX,ROSMU,Y,,0.0044,2,,ELAPVE,,,,,D,630,
616,MLDR,326,1565,ZALEXX,ROSMU,Y,,0.0011,2,PRUSE,,0.0532,,,,P,713,
616,MLDR,326,1566,GEOMXX,ROSMU,Y,P 701,0.0274,2,,,,,,,E,719,
616,MLDR,326,1567,ENNOSU,FRAAM,Y,,0.127,2,,,,,,,D,620,
616,MLDR,326,1568,EUPIXX,PRUSE,Y,PP 725,0.0002,2,PRUSE,BISTBE,0.002,0.0129,0.0095,,P,728,
616,MLDR,326,1569,PAPIGL,PRUSE,Y,PP 704,0.1873,2,,,,,,,PP,704,
616,MLDR,326,1570,MELACA,LONMO,Y,,0.042,2,LONMO,,0.1286,,,,P,627,
616,MLDR,326,1571,MORRCO,LONMO,Y,,0.0078,2,,,,,,,,,
616,MLDR,326,1572,PROCLI,LONMO,Y,,0.0383,1,LONMO,EUTRCL,0.8799,,,,P,713,
616,MLDR,326,1573,EUPIMI,ROSMU,Y,,0.0226,1,,,,,,,P,620,
616,MLDR,326,1574,SHELLX,FRAAM,Y,,0.0082,2,,PAPIGL,,,,,P,,
616,MLDR,326,1575,MELACA,FRAAM,Y,PP 725,0.0149,2,LIGOB,ENNOSU,0.0222,0.0446,0.0301,,PP,725,
616,MLDR,326,1576,HIMEFI,FRAAM,Y,T PP 623,0.2434,1,,,,,,,T,,
616,MLDR,326,1577,LOMOVE,PRUSE,Y,PP 630,0.0032,1,,,,,,,P,704,
,,,1578,,,,,,,,,,,,,,,
617,MLDR,327,1579,CORYME,BERTH,Y,,0.06,1,,,,,,,,,
617,MLDR,327,1580,EUISW,BERTH,Y,,0.0119,1,,,,,,,P,629,
617,MLDR,327,1581,CORYME,BERTH,Y,,0.0093,1,,,,,,,,,
617,MLDR,327,1582,MELACA,BERTH,Y,,0.0274,1,,,,,,,,,
617,MLDR,327,1583,EUPIXX,BERTH,Y,,0.0232,1,,,,,,,P,623,
617,MLDR,327,1584,CORYME,BERTH,Y,,0.0157,1,,,,,,,,,
617,MLDR,328,1585,HIMEFI,VIBPL,Y,,0.2336,1,,,,,,,P,627,
617,MLDR,328,1586,TOIDXX,FRAAM,Y,T ON ARRIVAL,-99,1,,,,,,,T,617,
,,,1587,,,,,,,,,,,,,,,
,,,1588,,,,,,,,,,,,,,,
,,,1589,,,,,,,,,,,,,,,
,,,1590,,,,,,,,,,,,,,,
,,,1591,,,,,,,,,,,,,,,
,,,1592,,,,,,,,,,,,,,,
620,MLRBDR,329,1593,EUPIMI,ROSMU,Y,,0.0118,1,CRAXX,,0.0112,0.0114,0.0044,,D,706,
620,MLRBDR,329,1594,MICROX,PRUSE,N,,,,,,,,,,,,
620,MLRBDR,329,1595,ACHADI,FRAAM,Y,PP 711,0.2768,1,,,,,,,P,711,
620,MLRBDR,329,1596,MELACA,LONTA,Y,,0.0424,1,LONTA,,0.0365,0.0461,0.0392,,P,704,
620,MLRBDR,329,1597,EUPIXX,ROSMU,Y,LOMOSE?,0.0178,1,,,0.0164,,,,T,629,
620,MLRBDR,329,1598,EUPIMI,ROSMU,Y,,0.0035,1,RUBXX,,0.0041,,,,D,627,
620,MLRBDR,329,1599,MICROX,ROSMU,N,,,,,,,,,,,,
620,MLRBDR,329,1600,CORYME,BERTH,Y,,0.0062,1,,,,,,,,,
620,MLRBDR,329,1601,EUPIXX,BERTH,Y,READ AS 0.0000,0.0001,1,,,,,,,D,708,
620,MLRBDR,329,1602,CORYME,BERTH,Y,LATE INSTAR,0.054,1,,,,,,,D,630,
620,MLRBDR,329,1603,MELACA,MALPR,Y,PP 629,0.0981,1,MALFL,,0.0805,0.0481,0.0366,,PP,629,
620,MLRBDR,329,1604,MICROX,ROSMU,N,,,,,,,,,,,,
,,,1605,,,,,,,,,,,,,,,
621,MLDR,330,1606,ACROXX,MALSI,Y,PP 701,0.1053,1,,ACROCL,,,,,PP,701,
621,MLDR,330,1607,LOMOVE,MALSI,Y,,0.0005,1,,,,,,,K,627,
621,MLDR,330,1608,LOMOVE,MALSI,Y,,0.001,1,,,,,,,D,623,
621,MLDR,330,1609,IRIDLA,MALSI,N,,,,,,,,,,,,
621,MLDR,330,1610,LOMOVE,MALSI,Y,,0.0015,1,,,,,,,D,627,
621,MLDR,330,1611,MELACA,MALSI,Y,,0.0407,1,MALSI,ENNOSU,0.065,,,,P,721,
621,MLDR,330,1612,LOMOVE,MALSI,Y,,0.0008,1,,,,,,,D,624,
621,MLDR,330,1613,LOMOVE,MALFL,Y,,0.0007,1,,,,,,,D,627,
621,MLDR,330,1614,MICROX,MALFL,N,,,,,,,,,,,,
621,MLDR,330,1615,MICROX,MALFL,N,,,,,,,,,,,,
621,MLDR,330,1616,MORRCO,MALFL,Y,,0.0093,1,,,,,,,D,627,
621,MLDR,330,1617,EUPIXX,MALFL,Y,RED,0.0007,1,,,,,,,D,627,
621,MLDR,330,1618,EUPIXX,MALFL,Y,RED,0.0001,1,MALFL,CAMPPE,0.0093,0.0215,0.0077,,P,,
621,MLDR,330,1619,HIMEFI,MALSI,Y,PP 705,0.1744,1,,,,,,,P,708,
621,MLDR,330,1620,ACROXX,MALSI,Y,"SAME AS 1606, PP 704",0.059,1,,ACROCL,,,,,PP,704,
621,MLDR,330,1621,MORRCO,MALSI,Y,ID UNSURE,0.0004,1,,,,,,,,,
621,MLDR,330,1622,EUPIXX,MALSI,Y,RED PP 808,0.0007,1,PRUSE,CAMPPE,0.0047,0.0101,0.01,,PP,808,
621,MLDR,330,1623,EUPIXX,MALSI,Y,RED DOA,0.0001,1,,,,,,,D,621,
621,MLDR,330,1624,EUISW,MALSI,Y,PP 623,0.0193,1,,,,,,,PP,623,
621,MLDR,330,1625,HIMEFI,MALSI,Y,,0.3366,1,,,,,,,P,630,
621,MLDR,330,1626,LOMOVE,MALSI,Y,,0.0014,1,,,,,,,D,624,
621,MLDR,330,1627,EUPIMI,MALSI,Y,NOT EUPIMI,0.0179,1,,GEOMXX,,,,,D,630,
621,MLDR,330,1628,CORYME,BERTH,Y,,0.0049,1,,,,,,,,,
621,MLDR,330,1629,CORYME,BERTH,Y,,0.0855,1,,,,,,,,,
621,MLDR,330,1630,CORYME,BERTH,Y,,0.033,1,,,,,,,,,
621,MLDR,330,1631,CORYME,BERTH,Y,T?,0.0414,1,,,,,,,D,630,
621,MLDR,330,1632,MICROX,BERTH,N,,,,,,,,,,,,
621,MLDR,330,1633,HIMEFI,MALFL,Y,,0.01919,1,,,,,,,D,711,
621,MLDR,330,1634,CORYME,BERTH,Y,,0.036,1,,,,,,,,,
621,MLDR,330,1635,CORYME,BERTH,Y,,0.0298,1,,,,,,,,,
621,MLDR,330,1636,CORYME,BERTH,Y,,0.032,1,,,,,,,,,
621,MLDR,330,1637,CORYME,BERTH,Y,,0.0046,1,,,,,,,,,
621,MLDR,330,1638,CORYME,BERTH,Y,,0.0148,1,,,,,,,,,
621,MLDR,330,1639,EUPISW,BERTH,Y,,0.019,1,,,,,,,D,706,
621,MLDR,330,1640,ELAPVE,ROSMU,Y,,0.0036,1,,,,,,,D,806,
621,MLDR,330,1641,ACHADI,ROSMU,Y,PP 624,0.6565,1,,,,,,,PP,624,
621,MLDR,330,1642,ORTHHI,CRAPH,Y,PP 725,0.1062,1,CRAXX,,,,,,P,728,
621,MLDR,330,1643,LOMOVE,CRAPH,Y,,0.001,1,,,,,,,D,624,
621,MLDR,330,1644,HYPAUN,LIGOB,Y,,0.048,1,,,,,,,T,627,
621,MLDR,330,1645,EUPIXX,LIGOB,Y,WEIGHT WAS 0.0000,0.0001,1,FRAAM,CAMPPE,0.0072,0.0196,0.0152,,D,822,
621,MLDR,330,1646,EUPIMI,ROSMU,Y,E,0.0098,1,,,,,,,P,701,
621,MLDR,330,1647,HYPAUN,MALSI,Y,,0.0009,1,MALFL,,0.0073,0.017,0.0125,,P,806,
621,MLDR,330,1648,HYPAUN,MALSI,Y,,0.003,1,,ECTRCR,,,,,P,829,
621,MLDR,330,1649,LOMOVE,PRUSE,Y,PP 630,0.0105,3,,,,,,,P,704,
621,MLDR,330,1650,LOMOVE,PRUSE,Y,,0.0011,3,ROSMU,ZALEXX,0.0311,0.0465,0.0546,,D,722,
621,MLDR,330,1651,GEOMXX,PRUSE,Y,,0.0028,3,ROSMU,EUTRCL,0.0604,0.1001,0.2412,,D,806,
,,,1652,,,,,,,,,,,,,,,
,,,1653,,,,,,,,,,,,,,,
,,,1654,,,,,,,,,,,,,,,
,,,1655,,,,,,,,,,,,,,,
,,,1656,,,,,,,,,,,,,,,
,,,1657,,,,,,,,,,,,,,,
,,,1658,,,,,,,,,,,,,,,
,,,1659,,,,,,,,,,,,,,,
,,,1660,,,,,,,,,,,,,,,
,,,1661,,,,,,,,,,,,,,,
,,,1662,,,,,,,,,,,,,,,
,,,1663,,,,,,,,,,,,,,,
,,,1664,,,,,,,,,,,,,,,
,,,1665,,,,,,,,,,,,,,,
,,,1666,,,,,,,,,,,,,,,
623,ML,332,1667,GEOMXX,MALPU,Y,,0.004,1,,,,,,,D,627,
623,ML,332,1668,ENNOSU,LIGOB,Y,,0.3052,1,,,,,,,P,630,
623,ML,332,1669,MINEXX,MALPU,N,,,,,,,,,,,,
623,ML,332,1670,HYPAUN,MALPU,Y,PREPUPAL AT TIME OF FINAL GE WEIGHT,0.0002,1,PRUSE,,0.033,0.0616,0.0557,,P,722,
623,ML,332,1671,EUPIPMI,LONMO,Y,,0.0186,1,,,,,,,P,627,
623,MLDR,333,1672,MELACA,LONMO,Y,,0.0021,1,,,,,,,D,711,
623,MLDR,333,1673,BISTBE,LONMO,Y,,0.1343,1,,,,,,,D,706,
623,MLDR,333,1674,CROCNO,ROSMU,Y,PP 722,0.0205,1,,,,,,,PP,722,
623,MLDR,333,1675,CROCNO,RUBXX,Y,,0.0296,1,,SAWFLY,,,,,U,,
623,MLDR,333,1676,EUPIXX,LONMO,Y,,0.0004,1,,,,,,,D,630,
623,MLDR,333,1677,MICROX,BERTH,N,,,,,,,,,,,,
623,MLDR,333,1678,CORYME,BERTH,Y,,0.0281,1,,,,,,,,,
623,MLDR,333,1679,MELACA,FRAAM,Y,NOT MELACA PP725,0.0015,1,,IRIDLA,,,,,P,726,
623,MLDR,333,1680,ZALEXX,FRAAM,Y,,0,1,LIGOB,MORRLA,0.0083,,,,D,721,
623,MLDR,333,1681,EUPIXX,LONMO,Y,,0.0021,1,,,,,,,D,704,
623,MLDR,333,1682,ROUGEXX,LONMO,Y,,0.0033,1,,,,,,,P,630,
623,MLDR,333,1683,GEOMXX,SAMCA,Y,,0.0091,1,,EUTRCL,,,,,P,718,
623,MLDR,333,1684,MICROX,PRUSE,N,,,,,,,,,,,,
623,MLDR,333,1685,ORTHHI,PRUSE,Y,,0.3659,1,,,,,,,P,706,
,,,1686,,,,,,,,,,,,,,,
,,,1687,,,,,,,,,,,,,,,
,,,1688,,,,,,,,,,,,,,,
,,,1689,,,,,,,,,,,,,,,
,,,1690,,,,,,,,,,,,,,,
,,,1691,,,,,,,,,,,,,,,
,,,1692,,,,,,,,,,,,,,,
,,,1693,,,,,,,,,,,,,,,
,,,1694,,,,,,,,,,,,,,,
,,,1695,,,,,,,,,,,,,,,
,,,1696,,,,,,,,,,,,,,,
,,,1697,,,,,,,,,,,,,,,
,,,1698,,,,,,,,,,,,,,,
,,,1699,,,,,,,,,,,,,,,
,,,1700,,,,,,,,,,,,,,,
,,,1701,,,,,,,,,,,,,,,
,,,1702,,,,,,,,,,,,,,,
,,,1703,,,,,,,,,,,,,,,
,,,1704,,,,,,,,,,,,,,,
,,,1705,,,,,,,,,,,,,,,
,,,1706,,,,,,,,,,,,,,,
,,,1707,,,,,,,,,,,,,,,
,,,1708,,,,,,,,,,,,,,,
,,,1709,,,,,,,,,,,,,,,
,,,1710,,,,,,,,,,,,,,,
,,,1711,,,,,,,,,,,,,,,
,,,1712,,,,,,,,,,,,,,,
,,,1713,,,,,,,,,,,,,,,
,,,1714,,,,,,,,,,,,,,,
,,,1715,,,,,,,,,,,,,,,
,,,1716,,,,,,,,,,,,,,,
,,,1717,,,,,,,,,,,,,,,
,,,1718,,,,,,,,,,,,,,,
,,,1719,,,,,,,,,,,,,,,
,,,1720,,,,,,,,,,,,,,,
,,,1721,,,,,,,,,,,,,,,
,,,1722,,,,,,,,,,,,,,,
,,,1723,,,,,,,,,,,,,,,
,,,1724,,,,,,,,,,,,,,,
,,,1725,,,,,,,,,,,,,,,
,,,1726,,,,,,,,,,,,,,,
,,,1727,,,,,,,,,,,,,,,
,,,1728,,,,,,,,,,,,,,,
,,,1729,,,,,,,,,,,,,,,
,,,1730,,,,,,,,,,,,,,,
,,,1731,,,,,,,,,,,,,,,
,,,1732,,,,,,,,,,,,,,,
,,,1733,,,,,,,,,,,,,,,
,,,1734,,,,,,,,,,,,,,,
,,,1735,,,,,,,,,,,,,,,
,,,1736,,,,,,,,,,,,,,,
,,,1737,,,,,,,,,,,,,,,
,,,1738,,,,,,,,,,,,,,,
,,,1739,,,,,,,,,,,,,,,
,,,1740,,,,,,,,,,,,,,,
624,MLDR,334,1741,ZALEXX,ROSMU,Y,BARELY ALIVE?,0.0152,1,ROSMU,,0.0908,0.1141,0.4767,,D,725,
,,,1742,,,,,,,,,,,,,,,
,,,1743,,,,,,,,,,,,,,,
,,,1744,,,,,,,,,,,,,,,
,,,1745,,,,,,,,,,,,,,,
,,,1746,,,,,,,,,,,,,,,
,,,1747,,,,,,,,,,,,,,,
,,,1748,,,,,,,,,,,,,,,
,,,1749,,,,,,,,,,,,,,,
,,,1750,,,,,,,,,,,,,,,
,,,1751,,,,,,,,,,,,,,,
,,,1752,,,,,,,,,,,,,,,
,,,1753,,,,,,,,,,,,,,,
,,,1754,,,,,,,,,,,,,,,
,,,1755,,,,,,,,,,,,,,,
,,,1756,,,,,,,,,,,,,,,
,,,1757,,,,,,,,,,,,,,,
,,,1758,,,,,,,,,,,,,,,
,,,1759,,,,,,,,,,,,,,,
,,,1760,,,,,,,,,,,,,,,
,,,1761,,,,,,,,,,,,,,,
,,,1762,,,,,,,,,,,,,,,
,,,1763,,,,,,,,,,,,,,,
,,,1764,,,,,,,,,,,,,,,
,,,1765,,,,,,,,,,,,,,,
,,,1766,,,,,,,,,,,,,,,
,,,1767,,,,,,,,,,,,,,,
,,,1768,,,,,,,,,,,,,,,
,,,1769,,,,,,,,,,,,,,,
,,,1770,,,,,,,,,,,,,,,
,,,1771,,,,,,,,,,,,,,,
,,,1772,,,,,,,,,,,,,,,
,,,1773,,,,,,,,,,,,,,,
,,,1774,,,,,,,,,,,,,,,
,,,1775,,,,,,,,,,,,,,,
,,,1776,,,,,,,,,,,,,,,
,,,1777,,,,,,,,,,,,,,,
628,ML,340,1778,PALTAN,RUBXX,Y,,0.0078,2,,,,,,,P,808,
628,ML,340,1779,BISTBE,RUBXX,Y,,0.0018,2,,,,,,,D,630,
628,ML,340,1780,BISTBE,RUBXX,Y,,0.0038,2,,,,,,,D,701,
628,ML,340,1781,MELACA,RUBXX,Y,,0.0054,2,,MESORU,,,,,P,711,
628,ML,340,1782,EUPIMI,RUBXX,Y,PP 704,0.0265,2,,,,,,,PP,704,
628,ML,340,1783,MICROX,VIBDI,N,,,,,,,,,,,,
628,ML,340,1784,EUPIMI,VIBDI,Y,,0.0081,2,,,,,,,MIA,706,
628,ML,340,1785,ORTHHI,VIBDI,Y,PP 630,0.1342,2,,,,,,,PP,630,
628,ML,340,1786,EUPIXX,VIBDI,Y,,0.0008,2,,,,,,,MIA,706,
628,ML,340,1787,EUPIMI,VIBDI,Y,,0.0118,2,,,,,,,D,706,
628,ML,340,1788,ACHADI,VIBDI,Y,PP 713,0.2861,2,VIBAC,,0.2973,,,,PP,713,
628,ML,340,1789,EUPIXX,VIBDI,Y,,0.0011,2,,,,,,,D,705,
628,ML,340,1790,EUPIXX,VIBDI,N,DIF,,,,,,,,,,,
628,ML,340,1791,MICROX,VIBDI,N,,,,,,,,,,,,
628,ML,340,1792,ORTHHI,VIBAC,Y,PP 706,0.5057,2,,,,,,,PP,706,
628,ML,340,1793,GEOMXX,VIBDI,Y,,0.0036,2,,,,,,,D,711,
628,ML,340,1794,MORRCO,ROSMU,Y,,0.0162,2,,,,,,,U,,
628,ML,340,1795,GEOMXX,ROSMU,Y,,0.0235,2,,,,,,,D,630,
628,ML,340,1796,MICROX,RUBXX,N,,,,,,,,,,,,
,,,1797,,,,,,,,,,,,,,,
,,,1798,,,,,,,,,,,,,,,
,,,1799,,,,,,,,,,,,,,,
,,,1800,,,,,,,,,,,,,,,
,,,1801,,,,,,,,,,,,,,,
,,,1802,,,,,,,,,,,,,,,
,,,1803,,,,,,,,,,,,,,,
,,,1804,,,,,,,,,,,,,,,
,,,1805,,,,,,,,,,,,,,,
,,,1806,,,,,,,,,,,,,,,
,,,1807,,,,,,,,,,,,,,,
,,,1808,,,,,,,,,,,,,,,
,,,1809,,,,,,,,,,,,,,,
,,,1810,,,,,,,,,,,,,,,
,,,1811,,,,,,,,,,,,,,,
,,,1812,,,,,,,,,,,,,,,
,,,1813,,,,,,,,,,,,,,,
,,,1814,,,,,,,,,,,,,,,
629,MLDR,341,1815,ENNOSU,CRAXX,Y,PURPLE STRIPE,0.09,1,,,,,,,D,708,
629,MLDR,341,1816,CORYME,BERTH,Y,,0.0357,1,,,,,,,D,704,
629,MLDR,341,1817,LOMOVE,CRAXX,Y,PP725,0.0026,1,CRAXX,,0.0056,0.0136,0.0085,,D,808,
629,MLDR,341,1818,LOMOVE,CRAXX,Y,PP725,0.0038,1,MALFL,,0.0084,0.0236,0.0179,,P,726,
629,MLDR,341,1819,LOMOVE,CRAXX,Y,PP 711,0.0194,1,PRUSE,,0.0352,,,,P,713,
629,MLDR,341,1820,LOMOVE,CRAXX,Y,,0.0033,1,MALFL,,0.0057,,,,D,713,
629,MLDR,341,1821,LOMOVE,CRAXX,Y,,0.005,1,CRAXX,,0.0034,,,,D,711,
629,MLDR,341,1822,LOMOVE,CRAXX,Y,D BY FUNGUS,0.0008,1,MALFL,,0.0006,0.0017,0.002,,D,726,
629,MLDR,341,1823,LOMOVE,CRAXX,Y,,0.0009,1,CRAXX,,0.0011,,,,D,711,
629,MLDR,341,1824,LOMOVE,CRAXX,Y,MIA?,0.0004,1,MALFL,,0.0008,0.0031,0.0035,,P,801,
629,MLDR,341,1825,LOMOVE,CRAXX,Y,,0.0005,2,CRAXX,,0.0014,0.0023,0.002,,D,718,
629,MLDR,341,1826,LOMOVE,CRAXX,Y,PP 729,0.0012,2,,,,,,,PP,729,
629,MLDR,341,1827,EUPIMI,CRAXX,Y,,0.0019,2,,,,,,,D,711,
629,MLDR,341,1828,LEPXX,CRAXX,Y,MICRO?,0.0006,2,,MICROX,,,,,U,,
629,MLDR,341,1829,LOMOVE,CRAXX,Y,PP725,0.0002,2,PRUSE,,0.0015,0.0067,0.0043,,PP,725,
629,MLDR,341,1830,ZALEXX,CRAXX,N,,,,,,,,,,,,
629,MLDR,341,1831,LAMBFI,CRAXX,N,,,,,,,,,,,,
629,MLDR,341,1832,CORYME,BERTH,Y,LATE INSTAR,0.1416,2,,,,,,,,,
629,MLDR,341,1833,LAMBFI,CRAXX,Y,,0.0017,2,,,,,,,D,713,
629,MLDR,341,1834,EUPIXX,CRAXX,Y,,0.0016,2,MALFL,,0.0018,,,,D,721,
629,MLDR,341,1835,EUPIXX,CRAXX,Y,,0.0024,2,,,,,,,D,711,
629,MLDR,341,1836,LAMBFI,CRAXX,Y,,0.0017,2,,,,,,,D,708,
629,MLDR,341,1837,MELACA,CRAXX,Y,PP720,0.0057,2,PRUSE,LOMOVE,0.0068,0.00242,0.024,,P,725,
629,MLDR,341,1838,GEOMXX,CRAXX,Y,,0.0011,2,,,,,,,D,711,
629,MLDR,341,1839,MELACA,CRAXX,Y,PP725,0.0015,2,MALFL,LOMOVE,0.0026,0.012,0.0091,,P,728,
629,MLDR,341,1840,EUPIXX,CRAXX,Y,,0.0032,2,,,,,,,D,706,
629,MLDR,341,1841,LOMOVE,CRAXX,Y,,0.0039,2,MALFL,,0.0022,,,,D,711,
629,MLDR,341,1842,ORTHXX,CRAXX,Y,,0.0675,2,,LITHXX,,,,,U,,
629,MLDR,341,1843,LOMOVE,CRAXX,Y,PP 803,0.0007,2,PRUSE,,0.0013,0.0027,0.0045,,PP,803,
629,MLDR,341,1844,LOMOVE,CRAXX,Y,PP 714,0.0203,2,MALFL,,0.0244,0.0236,0.0236,,PP,714,
629,MLDR,341,1845,MICROX,CRAXX,N,,,,,,,,,,,,
629,MLDR,342,1846,LOMOVE,MALFL,Y,,0.003,2,CRAXX,,0.003,,,,D,711,
629,MLDR,342,1847,LOMOVE,MALFL,Y,PP 722,0.0022,2,PRUSE,,0.0026,0.0111,0.0092,,P,728,
629,MLDR,342,1848,LOMOVE,MALFL,Y,PP718,0.0087,2,MALFL,,0.011,0.0306,0.0343,,P,720,
629,MLDR,342,1849,ORTHXX,MALFL,Y,,0.2581,2,,,,,,,T,704,
629,MLDR,342,1850,MORRLA,MALFL,Y,BUT LIVED,0.0037,2,,,,,,,T,818,
629,MLDR,342,1851,LAMBFI,MALFL,Y,,0.0005,2,,,,,,,D,711,
629,MLDR,342,1852,PALTAN,MALFL,Y,,0.0504,2,,,,,,,P,708,
629,MLDR,342,1853,MORRLA,MALFL,Y,,0.0108,2,,,,,,,P,817,
629,MLDR,342,1854,LAMBFI,MALFL,Y,,0.0034,2,,,,,,1,G,931,
629,MLDR,342,1855,LAMBFI,MALFL,Y,,0.0043,2,MALPR,PROTPO,0.0076,0.0113,0.0086,1,D,931,
629,MLDR,342,1856,PALTAN,MALFL,Y,PP725,0.0258,2,,,,,,,P,728,
629,MLDR,342,1857,LAMBFI,MALFL,Y,,0.0025,2,MALFL,PROTPO,0.0029,0.0056,0.0045,,MIA,809,
629,MLDR,342,1858,EUPIMI,MALFL,Y,,0.0022,2,,,,,,,D,711,
629,MLDR,342,1859,ACROSU,MALFL,Y,PP 718,0.0509,2,,,,,,,P,725,
629,MLDR,342,1860,HYPAUN,ROSMU,Y,"PREPUPAL AT TIME OF FINAL GE WEIGHT, FAILED PUPATION?",0.0022,2,MALPU,,0.0527,0.0471,0.0633,,D,725,
629,MLDR,342,1861,EUPIMI,ROSMU,Y,,0.0015,2,,,,,,,D,704,
629,MLDR,342,1862,EUPIXX,ROSMU,Y,,0.0027,2,ROSMU,CAMPPE,0.0063,0.0126,0.0162,,P,,
,,,1863,,,,,,,,,,,,,,,
,,,1864,,,,,,,,,,,,,,,
,,,1865,,,,,,,,,,,,,,,
,,,1866,,,,,,,,,,,,,,,
,,,1867,,,,,,,,,,,,,,,
,,,1868,,,,,,,,,,,,,,,
,,,1869,,,,,,,,,,,,,,,
,,,1870,,,,,,,,,,,,,,,
,,,1871,,,,,,,,,,,,,,,
,,,1872,,,,,,,,,,,,,,,
,,,1873,,,,,,,,,,,,,,,
,,,1874,,,,,,,,,,,,,,,
,,,1875,,,,,,,,,,,,,,,
,,,1876,,,,,,,,,,,,,,,
,,,1877,,,,,,,,,,,,,,,
,,,1878,,,,,,,,,,,,,,,
,,,1879,,,,,,,,,,,,,,,
,,,1880,,,,,,,,,,,,,,,
,,,1881,,,,,,,,,,,,,,,
,,,1882,,,,,,,,,,,,,,,
,,,1883,,,,,,,,,,,,,,,
,,,1884,,,,,,,,,,,,,,,
,,,1885,,,,,,,,,,,,,,,
,,,1886,,,,,,,,,,,,,,,
,,,1887,,,,,,,,,,,,,,,
,,,1888,,,,,,,,,,,,,,,
630,DR,343,1889,SPHIXX,FRAAM,Y,,0.0217,1,,CERAUN,,,,,,,
630,DR,343,1890,MICROX,FRAAM,N,,,,,,,,,,,,
630,DR,343,1891,ELAPVE,LONMO,Y,,0.0144,1,,,,,,,D,721,
630,DR,343,1892,ELAPVE,LONMO,Y,,0.005,1,,,,,,,D,720,
630,DR,343,1893,BROWNX,ROSMU,Y,MAYBE MICRO PP 714,0.0055,1,,PALTAN,,,,,PP,714,
630,DR,343,1894,PAONEX,VIBLE,Y,ID UNSURE,0.3142,1,,,,,,,,,
630,DR,343,1895,SPIKEX,VIBLE,Y,"MAYBE MICRO, NOT NATANA",0.003,1,,,,,,,P,,
630,DR,343,1896,PAONEX,VIBLE,Y,ID UNSURE BUT DISTINCT,0.3651,1,,,,,,,,,
630,DR,343,1897,LAMBFI,LIGOB,Y,,0.0033,1,LIGOB,,0.0021,0.0026,0.0019,,D,901,
630,DR,343,1898,EUPIMI,LIGOB,Y,PP815,0.0028,1,LIGOB,CAMPPE,0.0103,0.0198,0.0184,,P,817,
630,DR,343,1899,ELAPVE,LIGOB,Y,,0.0309,1,,,,,,,D,711,
630,DR,343,1900,MICROX,LIGOB,N,,,,,,,,,,,,
630,DR,343,1901,EUPIMI,PRUSE,N,SQUISH,,,,,,,,,,,
630,DR,343,1902,EUPIMI,PRUSE,Y,,0.0016,1,MALFL,CAMPPE,0.0119,0.00279,0.0341,,P,815,
630,DR,343,1903,EUPIMI,PRUSE,Y,,0.0014,1,RUBXX,CAMPPE,0.0078,0.0088,0.0083,,D,726,
630,DR,343,1904,PALTAN,PRUSE,Y,,0.0568,1,,,,,,,P,706,
,,,1905,,,,,,,,,,,,,,,
,,,1906,,,,,,,,,,,,,,,
,,,1907,,,,,,,,,,,,,,,
,,,1908,,,,,,,,,,,,,,,
,,,1909,,,,,,,,,,,,,,,
,,,1910,,,,,,,,,,,,,,,
,,,1911,,,,,,,,,,,,,,,
,,,1912,,,,,,,,,,,,,,,
,,,1913,,,,,,,,,,,,,,,
,,,1914,,,,,,,,,,,,,,,
,,,1915,,,,,,,,,,,,,,,
,,,1916,,,,,,,,,,,,,,,
,,,1917,,,,,,,,,,,,,,,
,,,1918,,,,,,,,,,,,,,,
,,,1919,,,,,,,,,,,,,,,
,,,1920,,,,,,,,,,,,,,,
,,,1921,,,,,,,,,,,,,,,
,,,1922,,,,,,,,,,,,,,,
,,,1923,,,,,,,,,,,,,,,
,,,1924,,,,,,,,,,,,,,,
,,,1925,,,,,,,,,,,,,,,
705,MLDR,345,1926,PROCLI,BERTH,Y,,0.0033,,,,,,,,D,815,
705,MLDR,345,1927,PROCLI,BERTH,Y,,0.0011,,,,,,,,D,722,
705,MLDR,346,1928,MELACA,FRAAM,Y,PP 715,0.0776,,,ENNOSU,,,,,P,718,
705,MLDR,346,1929,EUPIXX,FRAAM,Y,,0.0038,,LIGOB,CAMPPE,0.0098,0.0113,0.00112,,P,815,
705,MLDR,346,1930,EUPIXX,VIBDI,Y,,0.0024,,VIBDI,,0.0012,0.0015,0.0011,,D,729,
705,MLDR,346,1931,EUPIXX,VIBDI,Y,,0.0013,,VIBDE,,0.0008,0.0032,0.0034,,P,817,
,,,1932,,,,,,,,,,,,,,,
,,,1933,,,,,,,,,,,,,,,
,,,1934,,,,,,,,,,,,,,,
,,,1935,,,,,,,,,,,,,,,
,,,1936,,,,,,,,,,,,,,,
,,,1937,,,,,,,,,,,,,,,
,,,1938,,,,,,,,,,,,,,,
,,,1939,,,,,,,,,,,,,,,
,,,1940,,,,,,,,,,,,,,,
,,,1941,,,,,,,,,,,,,,,
,,,1942,,,,,,,,,,,,,,,
,,,1943,,,,,,,,,,,,,,,
,,,1944,,,,,,,,,,,,,,,
,,,1945,,,,,,,,,,,,,,,
,,,1946,,,,,,,,,,,,,,,
,,,1947,,,,,,,,,,,,,,,
,,,1948,,,,,,,,,,,,,,,
,,,1949,,,,,,,,,,,,,,,
,,,1950,,,,,,,,,,,,,,,
,,,1951,,,,,,,,,,,,,,,
,,,1952,,,,,,,,,,,,,,,
,,,1953,,,,,,,,,,,,,,,
,,,1954,,,,,,,,,,,,,,,
,,,1955,,,,,,,,,,,,,,,
,,,1956,,,,,,,,,,,,,,,
,,,1957,,,,,,,,,,,,,,,
,,,1958,,,,,,,,,,,,,,,
,,,1959,,,,,,,,,,,,,,,
,,,1960,,,,,,,,,,,,,,,
,,,1961,,,,,,,,,,,,,,,
,,,1962,,,,,,,,,,,,,,,
706,MLDR,347,1963,PROCLI,VIBOP,Y,,0.0219,1,VIBLE,HYPAUN,0.071,,,,P,721,
706,MLDR,347,1964,PROCLI,VIBOP,Y,,0.0077,1,LONMO,EUTRCL,0.0436,0.1999,0.1386,,P,808,
706,MLDR,347,1965,MICROX,MALPU,N,,,,,,,,,,,,
706,MLDR,347,1966,MICROX,MALPU,N,,,,,,,,,,,,
706,MLDR,347,1967,MICROX,MALPU,N,,,,,,,,,,,,
706,MLDR,347,1968,MICROX,MALPU,N,,,,,,,,,,,,
706,MLDR,347,1969,MICROX,MALPU,N,,,,,,,,,,,,
706,MLDR,347,1970,MICROX,MALPU,N,,,,,,,,,,,,
706,MLDR,347,1971,MICROX,MALPU,N,,,,,,,,,,,,
706,MLDR,347,1972,ELAPVE,LIGOB,Y,,0.0211,1,,,,,,,D,725,
706,MLDR,348,1973,PROCLI,VIBLE,Y,,0.0062,1,VIBSI,PROTPO,0.0163,0.0308,0.0147,,P,817,
706,MLDR,348,1974,HYPAUN,VIBLE,Y,PREPUPAL AT TIME OF GE FINAL WEIGHT PP 722,0.0096,1,VIBOP,,0.0332,0.0587,0.1108,,P,725,
706,MLDR,348,1975,ZALEXX,VIBLE,Y,,0.1047,1,,,,,,,T,714,
706,MLDR,348,1976,ZALEXX,VIBLE,Y,,0.0121,1,,,,,,,T,999,
706,MLDR,348,1977,EUPIXX,LIGOB,Y,,0.0027,1,FRAAM,CAMPPE,0.0062,0.0164,0.0187,,T,725,
706,MLDR,348,1978,LAMBFI,LIGOB,Y,ACTUALLY,0.0034,1,,,,,,,D,725,
706,MLDR,348,1979,PAPIXX,CRAXX,Y,,0.0119,1,,ELAPVE,,,,,D,714,
706,MLDR,348,1980,LAMBFI,CRAXX,Y,ACTUALLY,0.0069,1,,,,,,,D,720,
706,MLDR,348,1981,LOMOVE,CRAXX,Y,,0.0105,1,PRUSE,,0.0408,,,,P,721,
706,MLDR,348,1982,NOCTXX,CRAXX,Y,BIG 4 LX?,0.0504,1,,,,,,,D,718,
706,MLDR,348,1983,LAMBFI,CRAXX,Y,NOT REALLY,0.0028,1,,,,,,,,,
706,MLDR,348,1984,MICROX,VIBLE,N,,,,,,,,,,,,
,,,1985,,,,,,,,,,,,,,,
,,,1986,,,,,,,,,,,,,,,
,,,1987,,,,,,,,,,,,,,,
,,,1988,,,,,,,,,,,,,,,
,,,1989,,,,,,,,,,,,,,,
,,,1990,,,,,,,,,,,,,,,
,,,1991,,,,,,,,,,,,,,,
,,,1992,,,,,,,,,,,,,,,
,,,1993,,,,,,,,,,,,,,,
,,,1994,,,,,,,,,,,,,,,
,,,1995,,,,,,,,,,,,,,,
,,,1996,,,,,,,,,,,,,,,
,,,1997,,,,,,,,,,,,,,,
,,,1998,,,,,,,,,,,,,,,
,,,1999,,,,,,,,,,,,,,,
707,MLDR,349,2000,HYPAUN,RUBXX,Y,,0.0001,,,,,,,1,D,931,
707,MLDR,349,2001,GEINBU,RUBXX,Y,,0.0022,,,,,,,,P,720,
707,MLDR,349,2002,NOCTXX,RUBXX,Y,,0.0173,,,,,,,,D,708,
707,MLDR,349,2003,GEINBU,RUBXX,Y,,0.0001,,,,,,,,D,708,
707,MLDR,349,2004,GEINBU,RUBXX,Y,MIA 718,0.0004,,,,,,,,P,720,
707,MLDR,349,2005,EREBXX,RUBXX,N,,,,,,,,,,,,
707,MLDR,349,2006,GEINBU,RUBXX,Y,,0.0032,,,,,,,,P,712,
707,MLDR,349,2007,GEINBU,RUBXX,Y,,0.0025,,,,,,,,D,712,
707,MLDR,349,2008,GEINBU,RUBXX,Y,,0.0018,,,,,,,,P,714,
707,MLDR,349,2009,GEINBU,RUBXX,Y,,0.0007,,,,,,,,D,708,
707,MLDR,349,2010,GEINBU,RUBXX,Y,,0.0039,,,,,,,,T,711,
707,MLDR,349,2011,GEINBU,RUBXX,Y,,0.0039,,,,,,,,T,711,
707,MLDR,349,2012,GEINBU,RUBXX,Y,,0.0045,,,,,,,,D,708,
707,MLDR,349,2013,GEINBU,RUBXX,Y,,0.0005,,,,,,,,D,711,
707,MLDR,349,2014,HYPAUN,RUBXX,Y,,0.0034,,,ECTRCR,,,,,PP,729,
707,MLDR,349,2015,BUTTXX,RUBXX,Y,,0.0011,,,,,,,,D,708,
707,MLDR,349,2016,ELAPVE,RUBAL,Y,,0.0246,,,,,,,,,,
707,MLDR,349,2017,MESORU,RUBAL,Y,,0.0768,,,,,,,,P,711,
707,MLDR,349,2018,GEINBU,RUBAL,Y,,0.0009,,,,,,,,D,712,
707,MLDR,349,2019,MICROX,RUBAL,N,,,,,,,,,,,,
707,MLDR,349,2020,MICROX,RUBAL,N,,,,,,,,,,,,
707,MLDR,350,2021,WIGGLX,RUBXX,Y,,0.0171,,,,,,,,D,711,
707,MLDR,350,2022,WIGGLX,RUBXX,Y,,0.0065,,,,,,,,D,708,
707,MLDR,350,2023,MICROX,RUBXX,N,,,,,,,,,,,,
707,MLDR,350,2024,EUPIXX,RUBXX,Y,,0.0012,,,,,,,,D,712,
707,MLDR,350,2025,EUPIXX,RUBXX,Y,,0.0013,,ROSMU,,0.0015,0.0026,0.0046,1,P,908,
707,MLDR,350,2026,PYRRIS,RUBXX,Y,,0.005,,ROSMU,,,,,,D,714,
707,MLDR,350,2027,EUPIXX,RUBXX,Y,,0.0035,,RUBXX,,0.0027,0.003,0.0031,,D,728,
707,MLDR,350,2028,MICROX,RUBXX,N,,,,,,,,,,,,
707,MLDR,350,2029,ZALEXX,RUBXX,Y,LITHXX?,0.002,,RUBXX,ACHADI,0.0017,0.0098,0.0065,,D,911,
707,MLDR,350,2030,EUPIMI,RUBXX,Y,,0.0051,,,,,,,,D,712,
707,MLDR,350,2031,EUTRCL,VIBLE,Y,PREPUPAL AT TIME OF GE FINAL WEIGHT :( PP722,0.1536,,LONMO,,0.3241,0.625,1.1628,,P,725,
707,MLDR,350,2032,SPECLX,VIBLE,Y,,0.0069,,,CALLDR,,,,,D,718,
707,MLDR,350,2033,HEMATH,VIBLE,Y,,0.0007,,,,,,,,,,
707,MLDR,350,2034,SPECLX,VIBLE,Y,,0.0087,,,,,,,,D,708,
707,MLDR,350,2035,SPECLX,VIBLE,Y,,0.0055,,,,,,,,,,
707,MLDR,350,2036,SPECLX,VIBLE,Y,PP 715,0.008,,,CALLDR,,,,,P,718,
707,MLDR,350,2037,ZALEXX,VIBLE,Y,PP726,0.0101,,VIBDE,ZALEHO,0.0291,0.2954,0.3728,,P,729,
707,MLDR,350,2038,HEMATH,VIBLE,Y,,0.003,,,,,,,,D,708,
707,MLDR,350,2039,MELACA,VIBLE,Y,PP725,0.0067,,,,,,,,P,728,
707,MLDR,350,2040,ZALEXX,VIBLE,Y,,0.0054,,,,,,,,T,714,
707,MLDR,350,2041,CALLDR,VIBLE,Y,,0.0172,,,,,,,,P,714,
707,MLDR,350,2042,HEMATH,VIBLE,Y,,0.0002,,,,,,,,,,
707,MLDR,350,2043,PROTPO,VIBLE,Y,,0.0181,,VIBLE,,0.0381,,,,P,721,
707,MLDR,350,2044,HEMATH,VIBLE,Y,,0.0009,,,,,,,,,,
707,MLDR,350,2045,MESORU,RUBAL,Y,PP725,0.0116,,,,,,,,P,726,
,,,2046,,,,,,,,,,,,,,,
,,,2047,,,,,,,,,,,,,,,
,,,2048,,,,,,,,,,,,,,,
,,,2049,,,,,,,,,,,,,,,
,,,2050,,,,,,,,,,,,,,,
,,,2051,,,,,,,,,,,,,,,
,,,2052,,,,,,,,,,,,,,,
,,,2053,,,,,,,,,,,,,,,
,,,2054,,,,,,,,,,,,,,,
,,,2055,,,,,,,,,,,,,,,
,,,2056,,,,,,,,,,,,,,,
,,,2057,,,,,,,,,,,,,,,
,,,2058,,,,,,,,,,,,,,,
,,,2059,,,,,,,,,,,,,,,
,,,2060,,,,,,,,,,,,,,,
,,,2061,,,,,,,,,,,,,,,
,,,2062,,,,,,,,,,,,,,,
,,,2063,,,,,,,,,,,,,,,
,,,2064,,,,,,,,,,,,,,,
,,,2065,,,,,,,,,,,,,,,
,,,2066,,,,,,,,,,,,,,,
,,,2067,,,,,,,,,,,,,,,
,,,2068,,,,,,,,,,,,,,,
,,,2069,,,,,,,,,,,,,,,
,,,2070,,,,,,,,,,,,,,,
,,,2071,,,,,,,,,,,,,,,
,,,2072,,,,,,,,,,,,,,,
,,,2073,,,,,,,,,,,,,,,
708,MLDR,352,2074,LOMOVE,PRUSE,Y,PP725,0.0047,,CRAXX,,0.0165,0.0363,0.0444,,P,726,
708,MLDR,352,2075,ELAPVE,ROSMU,Y,,0.0173,,,,,,,,D,715,
708,MLDR,352,2076,MICROX,ROSMU,N,,,,,,,,,,,,
708,MLDR,352,2077,METAHY,ROSMU,Y,,0.0235,,PROTO,,,,,,P,806,
708,MLDR,352,2078,SCHIUN,ROSMU,Y,,0.0047,,,,,,,1,PP,822,
708,MLDR,352,2079,EUPIXX,ROSMU,Y,,0.0023,,PRUSE,,0.0018,,,,D,720,
708,MLDR,352,2080,PALTAN,ROSMU,Y,,0.046,,,,,,,,D,806,
708,MLDR,352,2081,EUPIMI,ROSMU,Y,PP 711,0.0181,,,,,,,,PP,711,
,,,2082,,,,,,,,,,,,,,,
,,,2083,,,,,,,,,,,,,,,
,,,2084,,,,,,,,,,,,,,,
,,,2085,,,,,,,,,,,,,,,
,,,2086,,,,,,,,,,,,,,,
,,,2087,,,,,,,,,,,,,,,
,,,2088,,,,,,,,,,,,,,,
,,,2089,,,,,,,,,,,,,,,
,,,2090,,,,,,,,,,,,,,,
,,,2091,,,,,,,,,,,,,,,
,,,2092,,,,,,,,,,,,,,,
,,,2093,,,,,,,,,,,,,,,
,,,2094,,,,,,,,,,,,,,,
,,,2095,,,,,,,,,,,,,,,
,,,2096,,,,,,,,,,,,,,,
,,,2097,,,,,,,,,,,,,,,
,,,2098,,,,,,,,,,,,,,,
,,,2099,,,,,,,,,,,,,,,
,,,2100,,,,,,,,,,,,,,,
,,,2101,,,,,,,,,,,,,,,
,,,2102,,,,,,,,,,,,,,,
,,,2103,,,,,,,,,,,,,,,
,,,2104,,,,,,,,,,,,,,,
,,,2105,,,,,,,,,,,,,,,
,,,2106,,,,,,,,,,,,,,,
,,,2107,,,,,,,,,,,,,,,
,,,2108,,,,,,,,,,,,,,,
,,,2109,,,,,,,,,,,,,,,
,,,2110,,,,,,,,,,,,,,,
712,MLDR,354,2111,PROTPO,LONMO,Y,,0.0036,,VIBLE,,0.0034,,,,D,718,
712,MLDR,354,2112,BISTBE,PRUSE,N,,,,,,,,,,,,
712,MLDR,354,2113,NOCTXX,FRAAM,Y,,0.0108,,,WIGGLX,,,,,P,815,
712,MLDR,354,2114,MICROX,LONMO,N,,,,,,,,,,,,
712,MLDR,354,2115,WIGGLX,LONMO,Y,,0.0067,,,,,,,,P,815,
712,MLDR,355,2116,ZALEXX,FRAAM,Y,,0.0021,,FRAAM,,0.001,,,,D,721,
712,MLDR,355,2117,EUPIXX,PRUSE,Y,PP 803,0.0088,,PRUSE,CAMPPE,0.0085,0.0238,0.0173,,PP,803,
712,MLDR,355,2118,LOMOSE,PRUSE,Y,,0.023,,PRUSE,,0.02,,,,D,721,
712,MLDR,355,2119,LAMBFI,PRUSE,Y,,0.0013,,,,,,,,D,715,
712,MLDR,355,2120,PROCLI,LONMO,Y,,0.0043,,,,,,,1,G,931,
712,MLDR,355,2121,PROTPO,LONMO,Y,,0.0162,,LONMO,,0.0124,0.0245,0.0204,,P,815,
712,MLDR,355,2122,EUTRCL,LONMO,Y,PREPUPAL AT TIME OF GE FINAL WEIGHT,0.5266,,SAMCA,,0.5664,0.9069,2.6287,,P,725,
712,MLDR,355,2123,CAMPPE,PRUSE,Y,,0.0169,,ROSMU,,0.0157,0.0223,0.0159,,D,809,
712,MLDR,355,2124,EUTRCL,PRUSE,Y,,0.0172,,PRUSE,PROCLI,0.0176,0.0371,0.0156,,P,822,
712,MLDR,355,2125,LOMOVE,PRUSE,Y,PREPUPAL AT TIME OF FINAL GE WEIGHT PP721,0.0196,,MALFL,,0.0298,0.023,0.0141,,P,722,
712,MLDR,355,2126,WIGGLX,PRUSE,Y,,0.0142,,,,,,,,P,815,
712,MLDR,355,2127,EUPIXX,ROSMU,Y,,0.0015,,MALFL,,0.0012,0.0033,0.0043,,D,822,
712,MLDR,355,2128,LOMOVE,PRUSE,Y,,0.0084,,,,0.0064,,,,T,721,
712,MLDR,355,2129,UNKNXX,LONMO,Y,,0.0195,,,,,,,,P,718,
712,MLDR,355,2130,HYPAUN,PRUSE,Y,,0.0036,,MALFL,,0.003,0.0075,0.0059,,D,728,
712,MLDR,355,2131,HYPAUN,PRUSE,Y,,0.003,,PRUSE,,0.0025,0.0087,0.0036,,D,808,
712,MLDR,355,2132,PROTPO,PRUSE,Y,,0.029,,MALFL,,0.0245,0.0288,0.0268,,D,815,
712,MLDR,355,2133,PALTAN,PRUSE,Y,,0.0063,,,,,,,,MIA,808,
712,MLDR,355,2134,ZALEXX,VIBDE,Y,DOA,0.0646,,,,,,,,D,721,
712,MLDR,355,2135,GEOMXX,VIBDE,Y,PP822,0.0133,,VIBDI,CAMPPE,0.013,0.0165,0.01,,P,829,
712,MLDR,355,2136,ENNOSU,FRAAM,Y,,0.0184,,,,,,,,K,901,
,,,2137,,,,,,,,,,,,,,,
,,,2138,,,,,,,,,,,,,,,
,,,2139,,,,,,,,,,,,,,,
,,,2140,,,,,,,,,,,,,,,
,,,2141,,,,,,,,,,,,,,,
,,,2142,,,,,,,,,,,,,,,
,,,2143,,,,,,,,,,,,,,,
,,,2144,,,,,,,,,,,,,,,
,,,2145,,,,,,,,,,,,,,,
,,,2146,,,,,,,,,,,,,,,
,,,2147,,,,,,,,,,,,,,,
713,MLDR,357,2148,HYPAUN,VIBLE,Y,,0.0002,,VIBDE,,0.0135,0.0224,0.0251,1,D,931,
713,MLDR,357,2149,MELACA,VIBLE,Y,PP726,0.0066,,,,,,,,P,729,
713,MLDR,357,2150,PROTPO,VIBLE,Y,,0.0365,,,,0.0342,,,,T,721,
713,MLDR,357,2151,PROTPO,VIBLE,Y,,0.0162,,VIBDE,,0.0172,0.0521,0.0628,,P,725,
713,MLDR,357,2152,CAMPPE,VIBLE,Y,,0.0059,,VIBDE,,0.0063,0.0219,0.015,,P,808,
713,MLDR,357,2153,EUPIXX,VIBLE,Y,PP822,0.0001,,VIBLE,CAMPPE,0.0007,0.0024,0.0013,,P,824,
713,MLDR,357,2154,MORRLA,VIBLE,Y,,0.0167,,,,,,,,PP,822,
713,MLDR,357,2155,ELAPVE,VIBLE,Y,PP726,0.0455,,,,,,,,P,728,
713,MLDR,357,2156,CAMPPE,VIBLE,Y,PP 729,0.0181,,VIBLE,,0.0189,0.0477,0.0304,,PP,729,
713,MLDR,357,2157,CAMPPE,VIBLE,Y,,0.001,,INV,PROTPO,0.022,0.0247,0.0013,1,D,931,
713,MLDR,357,2158,CALLDR,VIBLE,Y,,0.0294,,,,,,,,P,718,
713,MLDR,357,2159,ZALEXX,VIBLE,Y,PP 729,0.0249,,VIBLE,ZALEHO,0.0246,0.1337,0.094,,PP,729,
713,MLDR,357,2160,NATANA,VIBLE,Y,PP722,0.0251,,,,,,,,P,725,
713,MLDR,357,2161,CAMPPE,VIBLE,Y,,0.0158,,LONMO,,0.0122,0.0242,0.0176,,P,817,
713,MLDR,357,2162,CAMPPE,VIBLE,Y,,0.006,,VIBAC,,0.0057,0.0056,0.0012,,D,726,
,,,2163,,,,,,,,,,,,,,,
,,,2164,,,,,,,,,,,,,,,
,,,2165,,,,,,,,,,,,,,,
,,,2166,,,,,,,,,,,,,,,
,,,2167,,,,,,,,,,,,,,,
,,,2168,,,,,,,,,,,,,,,
,,,2169,,,,,,,,,,,,,,,
,,,2170,,,,,,,,,,,,,,,
,,,2171,,,,,,,,,,,,,,,
,,,2172,,,,,,,,,,,,,,,
,,,2173,,,,,,,,,,,,,,,
,,,2174,,,,,,,,,,,,,,,
,,,2175,,,,,,,,,,,,,,,
,,,2176,,,,,,,,,,,,,,,
,,,2177,,,,,,,,,,,,,,,
,,,2178,,,,,,,,,,,,,,,
,,,2179,,,,,,,,,,,,,,,
,,,2180,,,,,,,,,,,,,,,
,,,2181,,,,,,,,,,,,,,,
,,,2182,,,,,,,,,,,,,,,
,,,2183,,,,,,,,,,,,,,,
,,,2184,,,,,,,,,,,,,,,
714,MLDR,358,2185,CAMPPE,ROSMU,Y,,0.0133,,ROSMU,,0.0117,0.0237,0.0233,,P,815,
714,MLDR,358,2186,HYPAUN,ROSMU,Y,,0.0134,,PRUSE,,0.0115,0.0292,0.0183,,P,,
714,MLDR,358,2187,PALTAN,ROSMU,Y,ID UNSURE,0.0039,,,,,,,1,G,931,
714,MLDR,358,2188,PROTPO,LIGOB,Y,,0.0096,,FRAAM,,0.0089,0.0078,0.0024,,D,808,
714,MLDR,358,2189,PROTPO,LIGOB,Y,,0.0198,,,,0.017,,,,T,718,
714,MLDR,358,2190,PROTPO,LIGOB,Y,,0.0069,,FRAAM,,0.0064,0.0059,0.0027,,D,808,
714,MLDR,358,2191,EUPIMI,LIGOB,Y,PP725,0.0077,,,,,,,,D,726,
714,MLDR,358,2192,PROTPO,MALFL,Y,,0.009,,PRUSE,,0.0083,,,,D,721,
714,MLDR,358,2193,CAMPPE,MALFL,Y,BURDENED,0.0208,,,,0.0183,,,,T,718,
714,MLDR,358,2194,CAMPPE,MALFL,Y,,0.0046,,MALFL,,0.0035,0.0049,0.0062,1,G,931,
714,MLDR,358,2195,HYPAUN,MALFL,Y,,0.0011,,ROSMU,,0.0008,0.0047,0.0028,,D,725,
714,MLDR,358,2196,EUPIXX,MALFL,Y,,0.0021,,,,,,,,D,715,
714,MLDR,358,2197,SCHIXX,VIBPL,Y,PP729,0.1825,,,,,,,,D,808,
714,MLDR,358,2198,EUTRCL,VIBPL,Y,PP 808,0.0297,,VIBPL,,0.0263,0.057,0.0514,,PP,808,
714,MLDR,358,2199,PALEXX,MALPR,Y,PP722,0.0818,,,,,,,,D,725,
714,MLDR,358,2200,PROTPO,MALFL,Y,,0.0163,,MALFL,,0.0154,0.0176,0.0078,,T,809,
714,MLDR,358,2201,PALEXX,MALFL,Y,,0.0204,,,,,,,,,,
714,MLDR,358,2202,MICROX,MALFL,N,,,,,,,,,,,,
714,MLDR,358,2203,MORRCO,MALFL,N,,,,,,,,,,,,
714,MLDR,358,2204,MELACA,MALFL,Y,PP 725,0.0139,,,LOMOVE,,,,,PP,725,
714,MLDR,358,2205,CAMPPE,MALFL,Y,,0,,CRAXX,,0.0024,0.0049,0.0099,1,D,931,
714,MLDR,358,2206,CAMPPE,ROSMU,Y,,0.0159,,CRAXX,,0.0137,0.0143,0.0277,,D,911,
714,MLDR,358,2207,PALTAN,ROSMU,Y,PP718 FAILED PUPATION,0.0504,,,,,,,,D,722,
714,MLDR,358,2208,CAMPPE,LIGOB,Y,,0.0018,,LIGOB,,0.0022,0.0018,0.0032,,T,808,
714,MLDR,358,2209,CAMPPE,LIGOB,Y,,0.0071,,FRAAM,,0.0066,,,,D,721,
714,MLDR,358,2210,LITHXX,ROSMU,Y,ACTUALLY TAKEN HELLA TOIDED,NA,,,,,,,,T,714,
714,MLDR,358,2211,GEINBU,RUBAL,Y,,0.0055,,,,,,,,T,718,
714,MLDR,358,2212,PROCLI,ROSMU,Y,,0.0031,,,,,,,1,P,905,
,,,2213,,,,,,,,,,,,,,,
,,,2214,,,,,,,,,,,,,,,
,,,2215,,,,,,,,,,,,,,,
,,,2216,,,,,,,,,,,,,,,
,,,2217,,,,,,,,,,,,,,,
,,,2218,,,,,,,,,,,,,,,
,,,2219,,,,,,,,,,,,,,,
,,,2220,,,,,,,,,,,,,,,
,,,2221,,,,,,,,,,,,,,,
715,MLDR,359,2222,MESORU,RUBAL,Y,PP722,0.0453,,,,,,,,P,725,
,,,2223,MICROX,RUBAL,N,,,,,,,,,,,,
,,,2224,GEINBU,RUBAL,Y,,0.0049,,,,,,,,T,718,
,,,2225,GEINBU,RUBAL,Y,,0.0043,,,,,,,,T,718,
,,,2226,MICROX,RUBAL,N,,,,,,,,,,,,
,,,2227,GEINBU,RUBAL,N,,,,,,,,,,,,
,,,2228,GEINBU,RUBAL,Y,,0.0029,,,,,,,,D,718,
,,,2229,,,,,,,,,,,,,,,
819,MLDR,401,2230,NATANA,VIBDE,Y,PP823,0.0771,,,,,,,,P,829,
819,MLDR,401,2231,ELAPVE,VIBDE,Y,,0.0118,,,,,,,,T,823,
819,MLDR,401,2232,ELAPVE,VIBLE,Y,,0.0029,,VIBLE,,0.0019,,,,D,901,
819,MLDR,401,2233,SCHIXX,VIBDE,Y,,0.002,,VIBLE,SCHIBA,0.0058,0.0232,0.0308,1,G,931,
819,MLDR,401,2234,SCHIXX,VIBDE,Y,,0.002,,,SCHIBA,0.0095,0.0349,0.0389,,T,911,
819,MLDR,401,2235,SCHIXX,VIBDE,Y,PP 911,0.0024,,VIBDE,SCHIBA,0.0102,0.0505,0.0744,,PP,911,
819,MLDR,401,2236,ORETRO,VIBDE,Y,PP829,0.0098,,,,0.0596,,,,P,830,
819,MLDR,401,2237,SCHIXX,VIBLE,Y,,0.02,,INV,SCHIBA,0.0462,,,,D,830,
819,MLDR,401,2238,ENNOSU,VIBDE,Y,,0.051,,INV,,0.1318,,,,P,901,
819,MLDR,401,2239,ORETRO,VIBLE,Y,SMALL,0,,,,,,,1,D,931,
819,MLDR,401,2240,ORETRO,VIBLE,Y,PP 824,0.0572,,,,,,,,PP,824,
819,MLDR,401,2241,ORETRO,VIBLE,Y,,0.0321,,VIBLE,,0.1307,,,,P,830,
819,MLDR,401,2242,ZALEHO,VIBDE,Y,,0.0182,,INV,,0.0503,0.1091,0.0639,1,P,915,
819,MLDR,401,2243,ZALEHO,VIBDE,Y,,0.0066,,,,,,,,T,822,
819,MLDR,401,2244,ZALEHO,VIBLE,Y,,0.0148,,,,,,,,D,822,
819,MLDR,401,2245,ORETRO,VIBLE,Y,,0,,,,,,,1,G,931,
819,MLDR,401,2246,ORETRO,VIBLE,Y,,0.0051,,INV,,0.027,,,1,P,901,
819,MLDR,401,2247,ENNOSU,VIBLE,Y,,0.0538,,VIBDE,,0.1381,,,,P,830,
819,MLDR,401,2248,ENNOSU,VIBLE,Y,,0.0655,,VIBLE,,0.1304,,,,P,830,
819,MLDR,401,2249,ORETRO,VIBLE,Y,PP 824,0.0279,,,,,,,,PP,824,
819,MLDR,401,2250,ORETRO,VIBLE,Y,,0.0327,,VIBDE,,0.1075,,,,P,830,
819,MLDR,401,2251,ZALEHO,VIBLE,Y,,0.0091,,INV,,0.0237,,,,D,830,
819,MLDR,401,2252,ZALEHO,VIBLE,Y,,0.0272,,INV,,0.0748,0.2742,0.783,1,E,911,
819,MLDR,401,2253,CALLDR,VIBLE,Y,,0.0215,,,,,,,,P,829,
819,MLDR,401,2254,PROTPO,VIBLE,Y,,0.0021,,,,,,,,T,921,
819,MLDR,401,2255,CALLDR,VIBLE,Y,ID UNSURE; CANNOT CONFIRM IF IT WAS ACTUALLY TOIDED,0.0013,,,,,,,,T,718,
819,MLDR,401,2256,PROTPO,VIBLE,Y,,0,,VIBLE,,,,,1,P,931,
819,MLDR,401,2257,PROTPO,VIBDE,Y,,0.0003,,VIBDE,,0,0.0014,0.0018,1,G,931,
819,MLDR,401,2258,PROTPO,VIBDE,Y,,0.0049,,INV,,0.0142,0.0668,0.0523,1,P,931,1
819,MLDR,401,2259,PROTPO,VIBDE,Y,,0,,VIBLE,,0.0002,0.0007,0.0004,1,G,931,
819,MLDR,401,2260,PHOBPI,VIBDE,Y,,0.2604,,,,,,,,T,829,
819,MLDR,401,2261,DARACH,VIBLE,Y,,0.6893,,,,,,,1,PP,905,
819,MLDR,401,2262,ACROIN,CRAXX,Y,,0.1648,,,,,,,1,G,931,
819,MLDR,401,2263,ZALEHO,VIBLE,Y,PP830,0.0996,,VIBLE,,0.1669,,,,P,901,
819,MLDR,401,2264,ORETRO,VIBDE,Y,,0.0192,,INV,,0.0612,,,,P,830,
819,MLDR,401,2265,ORETRO,VIBDE,Y,LOST IT'S TAIL PP829,0.0038,,VIBDE,,0.0169,,,,P,830,
819,MLDR,401,2266,NATANA,VIBDE,Y,PP 911,0.0053,,,,,,,,PP,911,
819,MLDR,401,2267,ORETRO,VIBDE,Y,,0.0086,,INV,,0.0484,,,,P,830,
819,MLDR,401,2268,ELAPVE,RUBAL,Y,,0.004,,,,,,,1,G,931,
819,MLDR,401,2269,ENNOSU,VIBLE,Y,,0.0204,,INV,,0.0395,0.1113,0.2997,1,PP,905,
819,MLDR,401,2270,PROTPO,VIBLE,Y,,0.0012,,,,,,,1,G,931,
819,MLDR,401,2271,PROTPO,VIBLE,Y,,0,,,,,,,1,G,931,
812,MLDR,9999,2272,ZALEHO,VIBLE,Y,,,,INV,,0.3404,,,1,PP,830,
812,MLDR,9999,2273,ZALEHO,VIBDE,Y,,,,VIBDE,,0.3375,,,,P,830,
,,,2274,,,,,,,,,,,,,,,
,,,2275,,,,,,,,,,,,,,,
,,,2276,,,,,,,,,,,,,,,
,,,2277,,,,,,,,,,,,,,,
,,,2278,,,,,,,,,,,,,,,
,,,2279,,,,,,,,,,,,,,,
,,,2280,,,,,,,,,,,,,,,
,,,2281,,,,,,,,,,,,,,,
,,,2282,,,,,,,,,,,,,,,
,,,2283,,,,,,,,,,,,,,,
,,,2284,,,,,,,,,,,,,,,
,,,2285,,,,,,,,,,,,,,,
,,,2286,,,,,,,,,,,,,,,
,,,2287,,,,,,,,,,,,,,,
,,,2288,,,,,,,,,,,,,,,
,,,2289,,,,,,,,,,,,,,,
,,,2290,,,,,,,,,,,,,,,
,,,2291,,,,,,,,,,,,,,,
,,,2292,,,,,,,,,,,,,,,
,,,2293,,,,,,,,,,,,,,,
,,,2294,,,,,,,,,,,,,,,
,,,2295,,,,,,,,,,,,,,,
,,,2296,,,,,,,,,,,,,,,
,,,2297,,,,,,,,,,,,,,,
,,,2298,,,,,,,,,,,,,,,
,,,2299,,,,,,,,,,,,,,,
,,,2300,,,,,,,,,,,,,,,
,,,2301,,,,,,,,,,,,,,,
,,,2302,,,,,,,,,,,,,,,
,,,2303,,,,,,,,,,,,,,,
,,,2304,,,,,,,,,,,,,,,
,,,2305,,,,,,,,,,,,,,,
,,,2306,,,,,,,,,,,,,,,
,,,2307,,,,,,,,,,,,,,,
,,,2308,,,,,,,,,,,,,,,
,,,2309,,,,,,,,,,,,,,,
,,,2310,,,,,,,,,,,,,,,
,,,2311,,,,,,,,,,,,,,,
,,,2312,,,,,,,,,,,,,,,
,,,2313,,,,,,,,,,,,,,,
,,,2314,,,,,,,,,,,,,,,
,,,2315,,,,,,,,,,,,,,,
,,,2316,,,,,,,,,,,,,,,
,,,2317,,,,,,,,,,,,,,,
,,,2318,,,,,,,,,,,,,,,
,,,2319,,,,,,,,,,,,,,,
,,,2320,,,,,,,,,,,,,,,
,,,2321,,,,,,,,,,,,,,,
,,,2322,,,,,,,,,,,,,,,
,,,2323,,,,,,,,,,,,,,,
,,,2324,,,,,,,,,,,,,,,
,,,2325,,,,,,,,,,,,,,,
,,,2326,,,,,,,,,,,,,,,
,,,2327,,,,,,,,,,,,,,,
,,,2328,,,,,,,,,,,,,,,
,,,2329,,,,,,,,,,,,,,,
,,,2330,,,,,,,,,,,,,,,
,,,2331,,,,,,,,,,,,,,,
,,,2332,,,,,,,,,,,,,,,
,,,2333,,,,,,,,,,,,,,,
,,,2334,,,,,,,,,,,,,,,
,,,2335,,,,,,,,,,,,,,,
,,,2336,,,,,,,,,,,,,,,
,,,2337,,,,,,,,,,,,,,,
,,,2338,,,,,,,,,,,,,,,
,,,2339,,,,,,,,,,,,,,,
,,,2340,,,,,,,,,,,,,,,
,,,2341,,,,,,,,,,,,,,,
,,,2342,,,,,,,,,,,,,,,
,,,2343,,,,,,,,,,,,,,,
,,,2344,,,,,,,,,,,,,,,
,,,2345,,,,,,,,,,,,,,,
,,,2346,,,,,,,,,,,,,,,
,,,2347,,,,,,,,,,,,,,,
,,,2348,,,,,,,,,,,,,,,
,,,2349,,,,,,,,,,,,,,,
,,,2350,,,,,,,,,,,,,,,
,,,2351,,,,,,,,,,,,,,,
,,,2352,,,,,,,,,,,,,,,
,,,2353,,,,,,,,,,,,,,,
,,,2354,,,,,,,,,,,,,,,
,,,2355,,,,,,,,,,,,,,,
,,,2356,,,,,,,,,,,,,,,
,,,2357,,,,,,,,,,,,,,,
,,,2358,,,,,,,,,,,,,,,
,,,2359,,,,,,,,,,,,,,,
,,,2360,,,,,,,,,,,,,,,
,,,2361,,,,,,,,,,,,,,,
,,,2362,,,,,,,,,,,,,,,
,,,2363,,,,,,,,,,,,,,,
,,,2364,,,,,,,,,,,,,,,
,,,2365,,,,,,,,,,,,,,,
,,,2366,,,,,,,,,,,,,,,
,,,2367,,,,,,,,,,,,,,,
,,,2368,,,,,,,,,,,,,,,
,,,2369,,,,,,,,,,,,,,,
,,,2370,,,,,,,,,,,,,,,
,,,2371,,,,,,,,,,,,,,,
,,,2372,,,,,,,,,,,,,,,
,,,2373,,,,,,,,,,,,,,,
,,,2374,,,,,,,,,,,,,,,
,,,2375,,,,,,,,,,,,,,,
,,,2376,,,,,,,,,,,,,,,
,,,2377,,,,,,,,,,,,,,,
,,,2378,,,,,,,,,,,,,,,
,,,2379,,,,,,,,,,,,,,,
,,,2380,,,,,,,,,,,,,,,
,,,2381,,,,,,,,,,,,,,,
,,,2382,,,,,,,,,,,,,,,
,,,2383,,,,,,,,,,,,,,,
,,,2384,,,,,,,,,,,,,,,
,,,2385,,,,,,,,,,,,,,,
,,,2386,,,,,,,,,,,,,,,
,,,2387,,,,,,,,,,,,,,,
,,,2388,,,,,,,,,,,,,,,
,,,2389,,,,,,,,,,,,,,,
,,,2390,,,,,,,,,,,,,,,
,,,2391,,,,,,,,,,,,,,,
,,,2392,,,,,,,,,,,,,,,
,,,2393,,,,,,,,,,,,,,,
,,,2394,,,,,,,,,,,,,,,
,,,2395,,,,,,,,,,,,,,,
,,,2396,,,,,,,,,,,,,,,
,,,2397,,,,,,,,,,,,,,,
,,,2398,,,,,,,,,,,,,,,
,,,2399,,,,,,,,,,,,,,,
,,,2400,,,,,,,,,,,,,,,
,,,2401,,,,,,,,,,,,,,,
,,,2402,,,,,,,,,,,,,,,
,,,2403,,,,,,,,,,,,,,,
,,,2404,,,,,,,,,,,,,,,
,,,2405,,,,,,,,,,,,,,,
,,,2406,,,,,,,,,,,,,,,
,,,2407,,,,,,,,,,,,,,,
,,,2408,,,,,,,,,,,,,,,
,,,2409,,,,,,,,,,,,,,,
,,,2410,,,,,,,,,,,,,,,
,,,2411,,,,,,,,,,,,,,,
,,,2412,,,,,,,,,,,,,,,
,,,2413,,,,,,,,,,,,,,,
,,,2414,,,,,,,,,,,,,,,
,,,2415,,,,,,,,,,,,,,,
,,,2416,,,,,,,,,,,,,,,
,,,2417,,,,,,,,,,,,,,,
,,,2418,,,,,,,,,,,,,,,
,,,2419,,,,,,,,,,,,,,,
,,,2420,,,,,,,,,,,,,,,
,,,2421,,,,,,,,,,,,,,,
,,,2422,,,,,,,,,,,,,,,
,,,2423,,,,,,,,,,,,,,,
,,,2424,,,,,,,,,,,,,,,
,,,2425,,,,,,,,,,,,,,,
,,,2426,,,,,,,,,,,,,,,
,,,2427,,,,,,,,,,,,,,,
,,,2428,,,,,,,,,,,,,,,
,,,2429,,,,,,,,,,,,,,,
,,,2430,,,,,,,,,,,,,,,
,,,2431,,,,,,,,,,,,,,,
,,,2432,,,,,,,,,,,,,,,
,,,2433,,,,,,,,,,,,,,,
,,,2434,,,,,,,,,,,,,,,
,,,2435,,,,,,,,,,,,,,,
,,,2436,,,,,,,,,,,,,,,
,,,2437,,,,,,,,,,,,,,,
,,,2438,,,,,,,,,,,,,,,
,,,2439,,,,,,,,,,,,,,,
,,,2440,,,,,,,,,,,,,,,
,,,2441,,,,,,,,,,,,,,,
,,,2442,,,,,,,,,,,,,,,
,,,2443,,,,,,,,,,,,,,,
,,,2444,,,,,,,,,,,,,,,
,,,2445,,,,,,,,,,,,,,,
,,,2446,,,,,,,,,,,,,,,
,,,2447,,,,,,,,,,,,,,,
,,,2448,,,,,,,,,,,,,,,
,,,2449,,,,,,,,,,,,,,,
,,,2450,,,,,,,,,,,,,,,
,,,2451,,,,,,,,,,,,,,,
,,,2452,,,,,,,,,,,,,,,
,,,2453,,,,,,,,,,,,,,,
,,,2454,,,,,,,,,,,,,,,
,,,2455,,,,,,,,,,,,,,,
,,,2456,,,,,,,,,,,,,,,
,,,2457,,,,,,,,,,,,,,,
,,,2458,,,,,,,,,,,,,,,
,,,2459,,,,,,,,,,,,,,,
,,,2460,,,,,,,,,,,,,,,
,,,2461,,,,,,,,,,,,,,,
,,,2462,,,,,,,,,,,,,,,
,,,2463,,,,,,,,,,,,,,,
,,,2464,,,,,,,,,,,,,,,
,,,2465,,,,,,,,,,,,,,,
,,,2466,,,,,,,,,,,,,,,
,,,2467,,,,,,,,,,,,,,,
,,,2468,,,,,,,,,,,,,,,
,,,2469,,,,,,,,,,,,,,,
,,,2470,,,,,,,,,,,,,,,
,,,2471,,,,,,,,,,,,,,,
,,,2472,,,,,,,,,,,,,,,
,,,2473,,,,,,,,,,,,,,,
,,,2474,,,,,,,,,,,,,,,
,,,2475,,,,,,,,,,,,,,,
,,,2476,,,,,,,,,,,,,,,
,,,2477,,,,,,,,,,,,,,,
,,,2478,,,,,,,,,,,,,,,
,,,2479,,,,,,,,,,,,,,,
,,,2480,,,,,,,,,,,,,,,
,,,2481,,,,,,,,,,,,,,,
,,,2482,,,,,,,,,,,,,,,
,,,2483,,,,,,,,,,,,,,,
,,,2484,,,,,,,,,,,,,,,
,,,2485,,,,,,,,,,,,,,,
,,,2486,,,,,,,,,,,,,,,
,,,2487,,,,,,,,,,,,,,,
,,,2488,,,,,,,,,,,,,,,
,,,2489,,,,,,,,,,,,,,,
,,,2490,,,,,,,,,,,,,,,
,,,2491,,,,,,,,,,,,,,,
,,,2492,,,,,,,,,,,,,,,
,,,2493,,,,,,,,,,,,,,,
,,,2494,,,,,,,,,,,,,,,
,,,2495,,,,,,,,,,,,,,,
,,,2496,,,,,,,,,,,,,,,
,,,2497,,,,,,,,,,,,,,,
,,,2498,,,,,,,,,,,,,,,
,,,2499,,,,,,,,,,,,,,,
,,,2500,,,,,,,,,,,,,,,
,,,2501,,,,,,,,,,,,,,,
,,,2502,,,,,,,,,,,,,,,
,,,2503,,,,,,,,,,,,,,,
,,,2504,,,,,,,,,,,,,,,
,,,2505,,,,,,,,,,,,,,,
,,,2506,,,,,,,,,,,,,,,
,,,2507,,,,,,,,,,,,,,,
,,,2508,,,,,,,,,,,,,,,
,,,2509,,,,,,,,,,,,,,,
,,,2510,,,,,,,,,,,,,,,
,,,2511,,,,,,,,,,,,,,,
,,,2512,,,,,,,,,,,,,,,
,,,2513,,,,,,,,,,,,,,,
,,,2514,,,,,,,,,,,,,,,
,,,2515,,,,,,,,,,,,,,,
,,,2516,,,,,,,,,,,,,,,
,,,2517,,,,,,,,,,,,,,,
,,,2518,,,,,,,,,,,,,,,
,,,2519,,,,,,,,,,,,,,,
,,,2520,,,,,,,,,,,,,,,
,,,2521,,,,,,,,,,,,,,,
,,,2522,,,,,,,,,,,,,,,
,,,2523,,,,,,,,,,,,,,,
,,,2524,,,,,,,,,,,,,,,
,,,2525,,,,,,,,,,,,,,,
,,,2526,,,,,,,,,,,,,,,
,,,2527,,,,,,,,,,,,,,,
,,,2528,,,,,,,,,,,,,,,
,,,2529,,,,,,,,,,,,,,,
,,,2530,,,,,,,,,,,,,,,
,,,2531,,,,,,,,,,,,,,,
,,,2532,,,,,,,,,,,,,,,
,,,2533,,,,,,,,,,,,,,,
,,,2534,,,,,,,,,,,,,,,
,,,2535,,,,,,,,,,,,,,,
,,,2536,,,,,,,,,,,,,,,
,,,2537,,,,,,,,,,,,,,,
,,,2538,,,,,,,,,,,,,,,
,,,2539,,,,,,,,,,,,,,,
,,,2540,,,,,,,,,,,,,,,
,,,2541,,,,,,,,,,,,,,,
,,,2542,,,,,,,,,,,,,,,
,,,2543,,,,,,,,,,,,,,,
,,,2544,,,,,,,,,,,,,,,
,,,2545,,,,,,,,,,,,,,,
,,,2546,,,,,,,,,,,,,,,
,,,2547,,,,,,,,,,,,,,,
,,,2548,,,,,,,,,,,,,,,
,,,2549,,,,,,,,,,,,,,,
,,,2550,,,,,,,,,,,,,,,
,,,2551,,,,,,,,,,,,,,,
,,,2552,,,,,,,,,,,,,,,
,,,2553,,,,,,,,,,,,,,,
,,,2554,,,,,,,,,,,,,,,
,,,2555,,,,,,,,,,,,,,,
,,,2556,,,,,,,,,,,,,,,
,,,2557,,,,,,,,,,,,,,,
,,,2558,,,,,,,,,,,,,,,
,,,2559,,,,,,,,,,,,,,,
,,,2560,,,,,,,,,,,,,,,
,,,2561,,,,,,,,,,,,,,,
,,,2562,,,,,,,,,,,,,,,
,,,2563,,,,,,,,,,,,,,,
,,,2564,,,,,,,,,,,,,,,
,,,2565,,,,,,,,,,,,,,,
,,,2566,,,,,,,,,,,,,,,
,,,2567,,,,,,,,,,,,,,,
,,,2568,,,,,,,,,,,,,,,
,,,2569,,,,,,,,,,,,,,,
,,,2570,,,,,,,,,,,,,,,
,,,2571,,,,,,,,,,,,,,,
,,,2572,,,,,,,,,,,,,,,
,,,2573,,,,,,,,,,,,,,,
,,,2574,,,,,,,,,,,,,,,
,,,2575,,,,,,,,,,,,,,,
,,,2576,,,,,,,,,,,,,,,
,,,2577,,,,,,,,,,,,,,,
,,,2578,,,,,,,,,,,,,,,
,,,2579,,,,,,,,,,,,,,,
,,,2580,,,,,,,,,,,,,,,
,,,2581,,,,,,,,,,,,,,,
,,,2582,,,,,,,,,,,,,,,
,,,2583,,,,,,,,,,,,,,,
,,,2584,,,,,,,,,,,,,,,
,,,2585,,,,,,,,,,,,,,,
,,,2586,,,,,,,,,,,,,,,
,,,2587,,,,,,,,,,,,,,,
,,,2588,,,,,,,,,,,,,,,
,,,2589,,,,,,,,,,,,,,,
,,,2590,,,,,,,,,,,,,,,
,,,2591,,,,,,,,,,,,,,,
,,,2592,,,,,,,,,,,,,,,
,,,2593,,,,,,,,,,,,,,,
,,,2594,,,,,,,,,,,,,,,
,,,2595,,,,,,,,,,,,,,,
,,,2596,,,,,,,,,,,,,,,
,,,2597,,,,,,,,,,,,,,,
,,,2598,,,,,,,,,,,,,,,
,,,2599,,,,,,,,,,,,,,,
,,,2600,,,,,,,,,,,,,,,
,,,2601,,,,,,,,,,,,,,,
,,,2602,,,,,,,,,,,,,,,
,,,2603,,,,,,,,,,,,,,,
,,,2604,,,,,,,,,,,,,,,
,,,2605,,,,,,,,,,,,,,,
,,,2606,,,,,,,,,,,,,,,
,,,2607,,,,,,,,,,,,,,,
,,,2608,,,,,,,,,,,,,,,
,,,2609,,,,,,,,,,,,,,,
,,,2610,,,,,,,,,,,,,,,
,,,2611,,,,,,,,,,,,,,,
,,,2612,,,,,,,,,,,,,,,
,,,2613,,,,,,,,,,,,,,,
,,,2614,,,,,,,,,,,,,,,
,,,2615,,,,,,,,,,,,,,,
,,,2616,,,,,,,,,,,,,,,
,,,2617,,,,,,,,,,,,,,,
,,,2618,,,,,,,,,,,,,,,
,,,2619,,,,,,,,,,,,,,,
,,,2620,,,,,,,,,,,,,,,
,,,2621,,,,,,,,,,,,,,,
,,,2622,,,,,,,,,,,,,,,
,,,2623,,,,,,,,,,,,,,,
,,,2624,,,,,,,,,,,,,,,
,,,2625,,,,,,,,,,,,,,,
,,,2626,,,,,,,,,,,,,,,
,,,2627,,,,,,,,,,,,,,,
,,,2628,,,,,,,,,,,,,,,
,,,2629,,,,,,,,,,,,,,,
,,,2630,,,,,,,,,,,,,,,
,,,2631,,,,,,,,,,,,,,,
,,,2632,,,,,,,,,,,,,,,
,,,2633,,,,,,,,,,,,,,,
,,,2634,,,,,,,,,,,,,,,
,,,2635,,,,,,,,,,,,,,,
,,,2636,,,,,,,,,,,,,,,
,,,2637,,,,,,,,,,,,,,,
,,,2638,,,,,,,,,,,,,,,
,,,2639,,,,,,,,,,,,,,,
,,,2640,,,,,,,,,,,,,,,
,,,2641,,,,,,,,,,,,,,,
,,,2642,,,,,,,,,,,,,,,
,,,2643,,,,,,,,,,,,,,,
,,,2644,,,,,,,,,,,,,,,
,,,2645,,,,,,,,,,,,,,,
,,,2646,,,,,,,,,,,,,,,
,,,2647,,,,,,,,,,,,,,,
,,,2648,,,,,,,,,,,,,,,
,,,2649,,,,,,,,,,,,,,,
,,,2650,,,,,,,,,,,,,,,
,,,2651,,,,,,,,,,,,,,,
,,,2652,,,,,,,,,,,,,,,
,,,2653,,,,,,,,,,,,,,,
,,,2654,,,,,,,,,,,,,,,
,,,2655,,,,,,,,,,,,,,,
,,,2656,,,,,,,,,,,,,,,
,,,2657,,,,,,,,,,,,,,,
,,,2658,,,,,,,,,,,,,,,
,,,2659,,,,,,,,,,,,,,,
,,,2660,,,,,,,,,,,,,,,
,,,2661,,,,,,,,,,,,,,,
,,,2662,,,,,,,,,,,,,,,
,,,2663,,,,,,,,,,,,,,,
,,,2664,,,,,,,,,,,,,,,
,,,2665,,,,,,,,,,,,,,,
,,,2666,,,,,,,,,,,,,,,
,,,2667,,,,,,,,,,,,,,,
,,,2668,,,,,,,,,,,,,,,
,,,2669,,,,,,,,,,,,,,,
,,,2670,,,,,,,,,,,,,,,
,,,2671,,,,,,,,,,,,,,,
,,,2672,,,,,,,,,,,,,,,
,,,2673,,,,,,,,,,,,,,,
,,,2674,,,,,,,,,,,,,,,
,,,2675,,,,,,,,,,,,,,,
,,,2676,,,,,,,,,,,,,,,
,,,2677,,,,,,,,,,,,,,,
,,,2678,,,,,,,,,,,,,,,
,,,2679,,,,,,,,,,,,,,,
,,,2680,,,,,,,,,,,,,,,
,,,2681,,,,,,,,,,,,,,,
,,,2682,,,,,,,,,,,,,,,
,,,2683,,,,,,,,,,,,,,,
,,,2684,,,,,,,,,,,,,,,
,,,2685,,,,,,,,,,,,,,,
,,,2686,,,,,,,,,,,,,,,
,,,2687,,,,,,,,,,,,,,,
,,,2688,,,,,,,,,,,,,,,
,,,2689,,,,,,,,,,,,,,,
,,,2690,,,,,,,,,,,,,,,
,,,2691,,,,,,,,,,,,,,,
,,,2692,,,,,,,,,,,,,,,
,,,2693,,,,,,,,,,,,,,,
,,,2694,,,,,,,,,,,,,,,
,,,2695,,,,,,,,,,,,,,,
,,,2696,,,,,,,,,,,,,,,
,,,2697,,,,,,,,,,,,,,,
,,,2698,,,,,,,,,,,,,,,
,,,2699,,,,,,,,,,,,,,,
,,,2700,,,,,,,,,,,,,,,
,,,2701,,,,,,,,,,,,,,,
,,,2702,,,,,,,,,,,,,,,
,,,2703,,,,,,,,,,,,,,,
,,,2704,,,,,,,,,,,,,,,
,,,2705,,,,,,,,,,,,,,,
,,,2706,,,,,,,,,,,,,,,
,,,2707,,,,,,,,,,,,,,,
,,,2708,,,,,,,,,,,,,,,
,,,2709,,,,,,,,,,,,,,,
,,,2710,,,,,,,,,,,,,,,
,,,2711,,,,,,,,,,,,,,,
,,,2712,,,,,,,,,,,,,,,
,,,2713,,,,,,,,,,,,,,,
,,,2714,,,,,,,,,,,,,,,
,,,2715,,,,,,,,,,,,,,,
,,,2716,,,,,,,,,,,,,,,
,,,2717,,,,,,,,,,,,,,,
,,,2718,,,,,,,,,,,,,,,
,,,2719,,,,,,,,,,,,,,,
,,,2720,,,,,,,,,,,,,,,
,,,2721,,,,,,,,,,,,,,,
,,,2722,,,,,,,,,,,,,,,
,,,2723,,,,,,,,,,,,,,,
,,,2724,,,,,,,,,,,,,,,
,,,2725,,,,,,,,,,,,,,,
,,,2726,,,,,,,,,,,,,,,
,,,2727,,,,,,,,,,,,,,,
,,,2728,,,,,,,,,,,,,,,
,,,2729,,,,,,,,,,,,,,,
,,,2730,,,,,,,,,,,,,,,
,,,2731,,,,,,,,,,,,,,,
,,,2732,,,,,,,,,,,,,,,
,,,2733,,,,,,,,,,,,,,,
,,,2734,,,,,,,,,,,,,,,
,,,2735,,,,,,,,,,,,,,,
,,,2736,,,,,,,,,,,,,,,
,,,2737,,,,,,,,,,,,,,,
,,,2738,,,,,,,,,,,,,,,
,,,2739,,,,,,,,,,,,,,,
,,,2740,,,,,,,,,,,,,,,
,,,2741,,,,,,,,,,,,,,,
,,,2742,,,,,,,,,,,,,,,
,,,2743,,,,,,,,,,,,,,,
,,,2744,,,,,,,,,,,,,,,
,,,2745,,,,,,,,,,,,,,,
,,,2746,,,,,,,,,,,,,,,
,,,2747,,,,,,,,,,,,,,,
,,,2748,,,,,,,,,,,,,,,
,,,2749,,,,,,,,,,,,,,,
,,,2750,,,,,,,,,,,,,,,
,,,2751,,,,,,,,,,,,,,,
,,,2752,,,,,,,,,,,,,,,
,,,2753,,,,,,,,,,,,,,,
,,,2754,,,,,,,,,,,,,,,
,,,2755,,,,,,,,,,,,,,,
,,,2756,,,,,,,,,,,,,,,
,,,2757,,,,,,,,,,,,,,,
,,,2758,,,,,,,,,,,,,,,
,,,2759,,,,,,,,,,,,,,,
,,,2760,,,,,,,,,,,,,,,
,,,2761,,,,,,,,,,,,,,,
,,,2762,,,,,,,,,,,,,,,
,,,2763,,,,,,,,,,,,,,,
,,,2764,,,,,,,,,,,,,,,
,,,2765,,,,,,,,,,,,,,,
,,,2766,,,,,,,,,,,,,,,
,,,2767,,,,,,,,,,,,,,,
,,,2768,,,,,,,,,,,,,,,
,,,2769,,,,,,,,,,,,,,,
,,,2770,,,,,,,,,,,,,,,
,,,2771,,,,,,,,,,,,,,,
,,,2772,,,,,,,,,,,,,,,
,,,2773,,,,,,,,,,,,,,,
,,,2774,,,,,,,,,,,,,,,
,,,2775,,,,,,,,,,,,,,,
,,,2776,,,,,,,,,,,,,,,
,,,2777,,,,,,,,,,,,,,,
,,,2778,,,,,,,,,,,,,,,
,,,2779,,,,,,,,,,,,,,,
,,,2780,,,,,,,,,,,,,,,
,,,2781,,,,,,,,,,,,,,,
,,,2782,,,,,,,,,,,,,,,
,,,2783,,,,,,,,,,,,,,,
,,,2784,,,,,,,,,,,,,,,
,,,2785,,,,,,,,,,,,,,,
,,,2786,,,,,,,,,,,,,,,
,,,2787,,,,,,,,,,,,,,,
,,,2788,,,,,,,,,,,,,,,
,,,2789,,,,,,,,,,,,,,,
,,,2790,,,,,,,,,,,,,,,
,,,2791,,,,,,,,,,,,,,,
,,,2792,,,,,,,,,,,,,,,
,,,2793,,,,,,,,,,,,,,,
,,,2794,,,,,,,,,,,,,,,
,,,2795,,,,,,,,,,,,,,,
,,,2796,,,,,,,,,,,,,,,
,,,2797,,,,,,,,,,,,,,,
,,,2798,,,,,,,,,,,,,,,
,,,2799,,,,,,,,,,,,,,,
,,,2800,,,,,,,,,,,,,,,
,,,2801,,,,,,,,,,,,,,,
,,,2802,,,,,,,,,,,,,,,
,,,2803,,,,,,,,,,,,,,,
,,,2804,,,,,,,,,,,,,,,
,,,2805,,,,,,,,,,,,,,,
,,,2806,,,,,,,,,,,,,,,
,,,2807,,,,,,,,,,,,,,,
,,,2808,,,,,,,,,,,,,,,
,,,2809,,,,,,,,,,,,,,,
,,,2810,,,,,,,,,,,,,,,
,,,2811,,,,,,,,,,,,,,,
,,,2812,,,,,,,,,,,,,,,
,,,2813,,,,,,,,,,,,,,,
,,,2814,,,,,,,,,,,,,,,
,,,2815,,,,,,,,,,,,,,,
,,,2816,,,,,,,,,,,,,,,
,,,2817,,,,,,,,,,,,,,,
,,,2818,,,,,,,,,,,,,,,
,,,2819,,,,,,,,,,,,,,,
,,,2820,,,,,,,,,,,,,,,
,,,2821,,,,,,,,,,,,,,,
,,,2822,,,,,,,,,,,,,,,
,,,2823,,,,,,,,,,,,,,,
,,,2824,,,,,,,,,,,,,,,
,,,2825,,,,,,,,,,,,,,,
,,,2826,,,,,,,,,,,,,,,
,,,2827,,,,,,,,,,,,,,,
,,,2828,,,,,,,,,,,,,,,
,,,2829,,,,,,,,,,,,,,,
,,,2830,,,,,,,,,,,,,,,
,,,2831,,,,,,,,,,,,,,,
,,,2832,,,,,,,,,,,,,,,
,,,2833,,,,,,,,,,,,,,,
,,,2834,,,,,,,,,,,,,,,
,,,2835,,,,,,,,,,,,,,,
,,,2836,,,,,,,,,,,,,,,
,,,2837,,,,,,,,,,,,,,,
,,,2838,,,,,,,,,,,,,,,
,,,2839,,,,,,,,,,,,,,,
,,,2840,,,,,,,,,,,,,,,
,,,2841,,,,,,,,,,,,,,,
,,,2842,,,,,,,,,,,,,,,
,,,2843,,,,,,,,,,,,,,,
,,,2844,,,,,,,,,,,,,,,
,,,2845,,,,,,,,,,,,,,,
,,,2846,,,,,,,,,,,,,,,
,,,2847,,,,,,,,,,,,,,,
,,,2848,,,,,,,,,,,,,,,
,,,2849,,,,,,,,,,,,,,,
,,,2850,,,,,,,,,,,,,,,
,,,2851,,,,,,,,,,,,,,,
,,,2852,,,,,,,,,,,,,,,
,,,2853,,,,,,,,,,,,,,,
,,,2854,,,,,,,,,,,,,,,
,,,2855,,,,,,,,,,,,,,,
,,,2856,,,,,,,,,,,,,,,
,,,2857,,,,,,,,,,,,,,,
,,,2858,,,,,,,,,,,,,,,
,,,2859,,,,,,,,,,,,,,,
,,,2860,,,,,,,,,,,,,,,
,,,2861,,,,,,,,,,,,,,,
,,,2862,,,,,,,,,,,,,,,
,,,2863,,,,,,,,,,,,,,,
,,,2864,,,,,,,,,,,,,,,
,,,2865,,,,,,,,,,,,,,,
,,,2866,,,,,,,,,,,,,,,
,,,2867,,,,,,,,,,,,,,,
,,,2868,,,,,,,,,,,,,,,
,,,2869,,,,,,,,,,,,,,,
,,,2870,,,,,,,,,,,,,,,
,,,2871,,,,,,,,,,,,,,,
,,,2872,,,,,,,,,,,,,,,
,,,2873,,,,,,,,,,,,,,,
,,,2874,,,,,,,,,,,,,,,
,,,2875,,,,,,,,,,,,,,,
,,,2876,,,,,,,,,,,,,,,
,,,2877,,,,,,,,,,,,,,,
,,,2878,,,,,,,,,,,,,,,
,,,2879,,,,,,,,,,,,,,,
,,,2880,,,,,,,,,,,,,,,
,,,2881,,,,,,,,,,,,,,,
,,,2882,,,,,,,,,,,,,,,
,,,2883,,,,,,,,,,,,,,,
,,,2884,,,,,,,,,,,,,,,
,,,2885,,,,,,,,,,,,,,,
,,,2886,,,,,,,,,,,,,,,
,,,2887,,,,,,,,,,,,,,,
,,,2888,,,,,,,,,,,,,,,
,,,2889,,,,,,,,,,,,,,,
,,,2890,,,,,,,,,,,,,,,
,,,2891,,,,,,,,,,,,,,,
,,,2892,,,,,,,,,,,,,,,
,,,2893,,,,,,,,,,,,,,,
,,,2894,,,,,,,,,,,,,,,
,,,2895,,,,,,,,,,,,,,,
,,,2896,,,,,,,,,,,,,,,
,,,2897,,,,,,,,,,,,,,,
,,,2898,,,,,,,,,,,,,,,
,,,2899,,,,,,,,,,,,,,,
,,,2900,,,,,,,,,,,,,,,
,,,2901,,,,,,,,,,,,,,,
,,,2902,,,,,,,,,,,,,,,
,,,2903,,,,,,,,,,,,,,,
,,,2904,,,,,,,,,,,,,,,
,,,2905,,,,,,,,,,,,,,,
,,,2906,,,,,,,,,,,,,,,
,,,2907,,,,,,,,,,,,,,,
,,,2908,,,,,,,,,,,,,,,
,,,2909,,,,,,,,,,,,,,,
,,,2910,,,,,,,,,,,,,,,
,,,2911,,,,,,,,,,,,,,,
,,,2912,,,,,,,,,,,,,,,
,,,2913,,,,,,,,,,,,,,,
,,,2914,,,,,,,,,,,,,,,
,,,2915,,,,,,,,,,,,,,,
,,,2916,,,,,,,,,,,,,,,
,,,2917,,,,,,,,,,,,,,,
,,,2918,,,,,,,,,,,,,,,
,,,2919,,,,,,,,,,,,,,,
,,,2920,,,,,,,,,,,,,,,
,,,2921,,,,,,,,,,,,,,,
,,,2922,,,,,,,,,,,,,,,
,,,2923,,,,,,,,,,,,,,,
,,,2924,,,,,,,,,,,,,,,
,,,2925,,,,,,,,,,,,,,,
,,,2926,,,,,,,,,,,,,,,
,,,2927,,,,,,,,,,,,,,,
,,,2928,,,,,,,,,,,,,,,
,,,2929,,,,,,,,,,,,,,,
,,,2930,,,,,,,,,,,,,,,
,,,2931,,,,,,,,,,,,,,,
,,,2932,,,,,,,,,,,,,,,
,,,2933,,,,,,,,,,,,,,,
,,,2934,,,,,,,,,,,,,,,
,,,2935,,,,,,,,,,,,,,,
,,,2936,,,,,,,,,,,,,,,
,,,2937,,,,,,,,,,,,,,,
,,,2938,,,,,,,,,,,,,,,
,,,2939,,,,,,,,,,,,,,,
,,,2940,,,,,,,,,,,,,,,
,,,2941,,,,,,,,,,,,,,,
,,,2942,,,,,,,,,,,,,,,
,,,2943,,,,,,,,,,,,,,,
,,,2944,,,,,,,,,,,,,,,
,,,2945,,,,,,,,,,,,,,,
,,,2946,,,,,,,,,,,,,,,
,,,2947,,,,,,,,,,,,,,,
,,,2948,,,,,,,,,,,,,,,
,,,2949,,,,,,,,,,,,,,,
,,,2950,,,,,,,,,,,,,,,
,,,2951,,,,,,,,,,,,,,,
,,,2952,,,,,,,,,,,,,,,
,,,2953,,,,,,,,,,,,,,,
,,,2954,,,,,,,,,,,,,,,
,,,2955,,,,,,,,,,,,,,,
,,,2956,,,,,,,,,,,,,,,
,,,2957,,,,,,,,,,,,,,,
,,,2958,,,,,,,,,,,,,,,
,,,2959,,,,,,,,,,,,,,,
,,,2960,,,,,,,,,,,,,,,
,,,2961,,,,,,,,,,,,,,,
,,,2962,,,,,,,,,,,,,,,
,,,2963,,,,,,,,,,,,,,,
,,,2964,,,,,,,,,,,,,,,
,,,2965,,,,,,,,,,,,,,,
,,,2966,,,,,,,,,,,,,,,
,,,2967,,,,,,,,,,,,,,,
,,,2968,,,,,,,,,,,,,,,
,,,2969,,,,,,,,,,,,,,,
,,,2970,,,,,,,,,,,,,,,
,,,2971,,,,,,,,,,,,,,,
,,,2972,,,,,,,,,,,,,,,
,,,2973,,,,,,,,,,,,,,,
,,,2974,,,,,,,,,,,,,,,
,,,2975,,,,,,,,,,,,,,,
,,,2976,,,,,,,,,,,,,,,
,,,2977,,,,,,,,,,,,,,,
,,,2978,,,,,,,,,,,,,,,
,,,2979,,,,,,,,,,,,,,,
,,,2980,,,,,,,,,,,,,,,
,,,2981,,,,,,,,,,,,,,,
,,,2982,,,,,,,,,,,,,,,
,,,2983,,,,,,,,,,,,,,,
,,,2984,,,,,,,,,,,,,,,
,,,2985,,,,,,,,,,,,,,,
,,,2986,,,,,,,,,,,,,,,
,,,2987,,,,,,,,,,,,,,,
,,,2988,,,,,,,,,,,,,,,
,,,2989,,,,,,,,,,,,,,,
,,,2990,,,,,,,,,,,,,,,
,,,2991,,,,,,,,,,,,,,,
,,,2992,,,,,,,,,,,,,,,
,,,2993,,,,,,,,,,,,,,,
,,,2994,,,,,,,,,,,,,,,
,,,2995,,,,,,,,,,,,,,,
,,,2996,,,,,,,,,,,,,,,
,,,2997,,,,,,,,,,,,,,,
,,,2998,,,,,,,,,,,,,,,
,,,2999,,,,,,,,,,,,,,,
,,,3000,,,,,,,,,,,,,,,
,,,3001,,,,,,,,,,,,,,,
,,,3002,,,,,,,,,,,,,,,
,,,3003,,,,,,,,,,,,,,,
,,,3004,,,,,,,,,,,,,,,
,,,3005,,,,,,,,,,,,,,,
,,,3006,,,,,,,,,,,,,,,
,,,3007,,,,,,,,,,,,,,,
,,,3008,,,,,,,,,,,,,,,
,,,3009,,,,,,,,,,,,,,,
,,,3010,,,,,,,,,,,,,,,
,,,3011,,,,,,,,,,,,,,,
,,,3012,,,,,,,,,,,,,,,
,,,3013,,,,,,,,,,,,,,,
,,,3014,,,,,,,,,,,,,,,
,,,3015,,,,,,,,,,,,,,,
,,,3016,,,,,,,,,,,,,,,
,,,3017,,,,,,,,,,,,,,,
,,,3018,,,,,,,,,,,,,,,
,,,3019,,,,,,,,,,,,,,,
,,,3020,,,,,,,,,,,,,,,
,,,3021,,,,,,,,,,,,,,,
,,,3022,,,,,,,,,,,,,,,
,,,3023,,,,,,,,,,,,,,,
,,,3024,,,,,,,,,,,,,,,
,,,3025,,,,,,,,,,,,,,,
,,,3026,,,,,,,,,,,,,,,
,,,3027,,,,,,,,,,,,,,,
,,,3028,,,,,,,,,,,,,,,
,,,3029,,,,,,,,,,,,,,,
,,,3030,,,,,,,,,,,,,,,
,,,3031,,,,,,,,,,,,,,,
,,,3032,,,,,,,,,,,,,,,
,,,3033,,,,,,,,,,,,,,,
,,,3034,,,,,,,,,,,,,,,
,,,3035,,,,,,,,,,,,,,,
,,,3036,,,,,,,,,,,,,,,
,,,3037,,,,,,,,,,,,,,,
,,,3038,,,,,,,,,,,,,,,
,,,3039,,,,,,,,,,,,,,,
,,,3040,,,,,,,,,,,,,,,
,,,3041,,,,,,,,,,,,,,,
,,,3042,,,,,,,,,,,,,,,
,,,3043,,,,,,,,,,,,,,,
,,,3044,,,,,,,,,,,,,,,
,,,3045,,,,,,,,,,,,,,,
,,,3046,,,,,,,,,,,,,,,
,,,3047,,,,,,,,,,,,,,,
,,,3048,,,,,,,,,,,,,,,
,,,3049,,,,,,,,,,,,,,,
,,,3050,,,,,,,,,,,,,,,
,,,3051,,,,,,,,,,,,,,,
,,,3052,,,,,,,,,,,,,,,
,,,3053,,,,,,,,,,,,,,,
,,,3054,,,,,,,,,,,,,,,
,,,3055,,,,,,,,,,,,,,,
,,,3056,,,,,,,,,,,,,,,
,,,3057,,,,,,,,,,,,,,,
,,,3058,,,,,,,,,,,,,,,
,,,3059,,,,,,,,,,,,,,,
,,,3060,,,,,,,,,,,,,,,
,,,3061,,,,,,,,,,,,,,,
,,,3062,,,,,,,,,,,,,,,
,,,3063,,,,,,,,,,,,,,,
,,,3064,,,,,,,,,,,,,,,
,,,3065,,,,,,,,,,,,,,,
,,,3066,,,,,,,,,,,,,,,
,,,3067,,,,,,,,,,,,,,,
,,,3068,,,,,,,,,,,,,,,
,,,3069,,,,,,,,,,,,,,,
,,,3070,,,,,,,,,,,,,,,
,,,3071,,,,,,,,,,,,,,,
,,,3072,,,,,,,,,,,,,,,
,,,3073,,,,,,,,,,,,,,,
,,,3074,,,,,,,,,,,,,,,
,,,3075,,,,,,,,,,,,,,,
,,,3076,,,,,,,,,,,,,,,
,,,3077,,,,,,,,,,,,,,,
,,,3078,,,,,,,,,,,,,,,
,,,3079,,,,,,,,,,,,,,,
,,,3080,,,,,,,,,,,,,,,
,,,3081,,,,,,,,,,,,,,,
,,,3082,,,,,,,,,,,,,,,
,,,3083,,,,,,,,,,,,,,,
,,,3084,,,,,,,,,,,,,,,
,,,3085,,,,,,,,,,,,,,,
,,,3086,,,,,,,,,,,,,,,
,,,3087,,,,,,,,,,,,,,,
,,,3088,,,,,,,,,,,,,,,
,,,3089,,,,,,,,,,,,,,,
,,,3090,,,,,,,,,,,,,,,
,,,3091,,,,,,,,,,,,,,,
,,,3092,,,,,,,,,,,,,,,
,,,3093,,,,,,,,,,,,,,,
,,,3094,,,,,,,,,,,,,,,
,,,3095,,,,,,,,,,,,,,,
,,,3096,,,,,,,,,,,,,,,
,,,3097,,,,,,,,,,,,,,,
,,,3098,,,,,,,,,,,,,,,
,,,3099,,,,,,,,,,,,,,,
,,,3100,,,,,,,,,,,,,,,
,,,3101,,,,,,,,,,,,,,,
,,,3102,,,,,,,,,,,,,,,
,,,3103,,,,,,,,,,,,,,,
,,,3104,,,,,,,,,,,,,,,
,,,3105,,,,,,,,,,,,,,,
,,,3106,,,,,,,,,,,,,,,
,,,3107,,,,,,,,,,,,,,,
,,,3108,,,,,,,,,,,,,,,
,,,3109,,,,,,,,,,,,,,,
,,,3110,,,,,,,,,,,,,,,
,,,3111,,,,,,,,,,,,,,,
,,,3112,,,,,,,,,,,,,,,
,,,3113,,,,,,,,,,,,,,,
,,,3114,,,,,,,,,,,,,,,
,,,3115,,,,,,,,,,,,,,,
,,,3116,,,,,,,,,,,,,,,
,,,3117,,,,,,,,,,,,,,,
,,,3118,,,,,,,,,,,,,,,
,,,3119,,,,,,,,,,,,,,,
,,,3120,,,,,,,,,,,,,,,
,,,3121,,,,,,,,,,,,,,,
,,,3122,,,,,,,,,,,,,,,
,,,3123,,,,,,,,,,,,,,,
,,,3124,,,,,,,,,,,,,,,
,,,3125,,,,,,,,,,,,,,,
,,,3126,,,,,,,,,,,,,,,
,,,3127,,,,,,,,,,,,,,,
,,,3128,,,,,,,,,,,,,,,
,,,3129,,,,,,,,,,,,,,,
,,,3130,,,,,,,,,,,,,,,
,,,3131,,,,,,,,,,,,,,,
,,,3132,,,,,,,,,,,,,,,
,,,3133,,,,,,,,,,,,,,,
,,,3134,,,,,,,,,,,,,,,
,,,3135,,,,,,,,,,,,,,,
,,,3136,,,,,,,,,,,,,,,
,,,3137,,,,,,,,,,,,,,,
,,,3138,,,,,,,,,,,,,,,
,,,3139,,,,,,,,,,,,,,,
,,,3140,,,,,,,,,,,,,,,
,,,3141,,,,,,,,,,,,,,,
,,,3142,,,,,,,,,,,,,,,
,,,3143,,,,,,,,,,,,,,,
,,,3144,,,,,,,,,,,,,,,
,,,3145,,,,,,,,,,,,,,,
,,,3146,,,,,,,,,,,,,,,
,,,3147,,,,,,,,,,,,,,,
,,,3148,,,,,,,,,,,,,,,
,,,3149,,,,,,,,,,,,,,,
,,,3150,,,,,,,,,,,,,,,
,,,3151,,,,,,,,,,,,,,,
,,,3152,,,,,,,,,,,,,,,
,,,3153,,,,,,,,,,,,,,,
,,,3154,,,,,,,,,,,,,,,
,,,3155,,,,,,,,,,,,,,,
,,,3156,,,,,,,,,,,,,,,
,,,3157,,,,,,,,,,,,,,,
,,,3158,,,,,,,,,,,,,,,
,,,3159,,,,,,,,,,,,,,,
,,,3160,,,,,,,,,,,,,,,
,,,3161,,,,,,,,,,,,,,,
,,,3162,,,,,,,,,,,,,,,
,,,3163,,,,,,,,,,,,,,,
,,,3164,,,,,,,,,,,,,,,
,,,3165,,,,,,,,,,,,,,,
,,,3166,,,,,,,,,,,,,,,
,,,3167,,,,,,,,,,,,,,,
,,,3168,,,,,,,,,,,,,,,
,,,3169,,,,,,,,,,,,,,,
,,,3170,,,,,,,,,,,,,,,
,,,3171,,,,,,,,,,,,,,,
,,,3172,,,,,,,,,,,,,,,
,,,3173,,,,,,,,,,,,,,,
,,,3174,,,,,,,,,,,,,,,
,,,3175,,,,,,,,,,,,,,,
,,,3176,,,,,,,,,,,,,,,
,,,3177,,,,,,,,,,,,,,,
,,,3178,,,,,,,,,,,,,,,
,,,3179,,,,,,,,,,,,,,,
,,,3180,,,,,,,,,,,,,,,
,,,3181,,,,,,,,,,,,,,,
,,,3182,,,,,,,,,,,,,,,
,,,3183,,,,,,,,,,,,,,,
,,,3184,,,,,,,,,,,,,,,
,,,3185,,,,,,,,,,,,,,,
,,,3186,,,,,,,,,,,,,,,
,,,3187,,,,,,,,,,,,,,,
,,,3188,,,,,,,,,,,,,,,
,,,3189,,,,,,,,,,,,,,,
,,,3190,,,,,,,,,,,,,,,
,,,3191,,,,,,,,,,,,,,,
,,,3192,,,,,,,,,,,,,,,
,,,3193,,,,,,,,,,,,,,,
,,,3194,,,,,,,,,,,,,,,
,,,3195,,,,,,,,,,,,,,,
,,,3196,,,,,,,,,,,,,,,
,,,3197,,,,,,,,,,,,,,,
,,,3198,,,,,,,,,,,,,,,
,,,3199,,,,,,,,,,,,,,,
,,,3200,,,,,,,,,,,,,,,
,,,3201,,,,,,,,,,,,,,,
,,,3202,,,,,,,,,,,,,,,
,,,3203,,,,,,,,,,,,,,,
,,,3204,,,,,,,,,,,,,,,
,,,3205,,,,,,,,,,,,,,,
,,,3206,,,,,,,,,,,,,,,
,,,3207,,,,,,,,,,,,,,,
,,,3208,,,,,,,,,,,,,,,
,,,3209,,,,,,,,,,,,,,,
,,,3210,,,,,,,,,,,,,,,
,,,3211,,,,,,,,,,,,,,,
,,,3212,,,,,,,,,,,,,,,
,,,3213,,,,,,,,,,,,,,,
,,,3214,,,,,,,,,,,,,,,
,,,3215,,,,,,,,,,,,,,,
,,,3216,,,,,,,,,,,,,,,
,,,3217,,,,,,,,,,,,,,,
,,,3218,,,,,,,,,,,,,,,
,,,3219,,,,,,,,,,,,,,,
,,,3220,,,,,,,,,,,,,,,
,,,3221,,,,,,,,,,,,,,,
,,,3222,,,,,,,,,,,,,,,
,,,3223,,,,,,,,,,,,,,,
,,,3224,,,,,,,,,,,,,,,
,,,3225,,,,,,,,,,,,,,,
,,,3226,,,,,,,,,,,,,,,
,,,3227,,,,,,,,,,,,,,,
,,,3228,,,,,,,,,,,,,,,
,,,3229,,,,,,,,,,,,,,,
,,,3230,,,,,,,,,,,,,,,
,,,3231,,,,,,,,,,,,,,,
,,,3232,,,,,,,,,,,,,,,
,,,3233,,,,,,,,,,,,,,,
,,,3234,,,,,,,,,,,,,,,
,,,3235,,,,,,,,,,,,,,,
,,,3236,,,,,,,,,,,,,,,
,,,3237,,,,,,,,,,,,,,,
,,,3238,,,,,,,,,,,,,,,
,,,3239,,,,,,,,,,,,,,,
,,,3240,,,,,,,,,,,,,,,
,,,3241,,,,,,,,,,,,,,,
,,,3242,,,,,,,,,,,,,,,
,,,3243,,,,,,,,,,,,,,,
,,,3244,,,,,,,,,,,,,,,
,,,3245,,,,,,,,,,,,,,,
,,,3246,,,,,,,,,,,,,,,
,,,3247,,,,,,,,,,,,,,,
,,,3248,,,,,,,,,,,,,,,
,,,3249,,,,,,,,,,,,,,,
,,,3250,,,,,,,,,,,,,,,
,,,3251,,,,,,,,,,,,,,,
,,,3252,,,,,,,,,,,,,,,
,,,3253,,,,,,,,,,,,,,,
,,,3254,,,,,,,,,,,,,,,
,,,3255,,,,,,,,,,,,,,,
,,,3256,,,,,,,,,,,,,,,
,,,3257,,,,,,,,,,,,,,,
,,,3258,,,,,,,,,,,,,,,
,,,3259,,,,,,,,,,,,,,,
,,,3260,,,,,,,,,,,,,,,
,,,3261,,,,,,,,,,,,,,,
,,,3262,,,,,,,,,,,,,,,
,,,3263,,,,,,,,,,,,,,,
,,,3264,,,,,,,,,,,,,,,
,,,3265,,,,,,,,,,,,,,,
,,,3266,,,,,,,,,,,,,,,
,,,3267,,,,,,,,,,,,,,,
,,,3268,,,,,,,,,,,,,,,
,,,3269,,,,,,,,,,,,,,,
,,,3270,,,,,,,,,,,,,,,
,,,3271,,,,,,,,,,,,,,,
,,,3272,,,,,,,,,,,,,,,
,,,3273,,,,,,,,,,,,,,,
,,,3274,,,,,,,,,,,,,,,
,,,3275,,,,,,,,,,,,,,,
,,,3276,,,,,,,,,,,,,,,
,,,3277,,,,,,,,,,,,,,,
,,,3278,,,,,,,,,,,,,,,
,,,3279,,,,,,,,,,,,,,,
,,,3280,,,,,,,,,,,,,,,
,,,3281,,,,,,,,,,,,,,,
,,,3282,,,,,,,,,,,,,,,
,,,3283,,,,,,,,,,,,,,,
,,,3284,,,,,,,,,,,,,,,
,,,3285,,,,,,,,,,,,,,,
,,,3286,,,,,,,,,,,,,,,
,,,3287,,,,,,,,,,,,,,,
,,,3288,,,,,,,,,,,,,,,
,,,3289,,,,,,,,,,,,,,,
,,,3290,,,,,,,,,,,,,,,
,,,3291,,,,,,,,,,,,,,,
,,,3292,,,,,,,,,,,,,,,
,,,3293,,,,,,,,,,,,,,,
,,,3294,,,,,,,,,,,,,,,
,,,3295,,,,,,,,,,,,,,,
,,,3296,,,,,,,,,,,,,,,
,,,3297,,,,,,,,,,,,,,,
,,,3298,,,,,,,,,,,,,,,
,,,3299,,,,,,,,,,,,,,,
,,,3300,,,,,,,,,,,,,,,
,,,3301,,,,,,,,,,,,,,,
,,,3302,,,,,,,,,,,,,,,
,,,3303,,,,,,,,,,,,,,,
,,,3304,,,,,,,,,,,,,,,
,,,3305,,,,,,,,,,,,,,,
,,,3306,,,,,,,,,,,,,,,
,,,3307,,,,,,,,,,,,,,,
,,,3308,,,,,,,,,,,,,,,
,,,3309,,,,,,,,,,,,,,,
,,,3310,,,,,,,,,,,,,,,
,,,3311,,,,,,,,,,,,,,,
,,,3312,,,,,,,,,,,,,,,
,,,3313,,,,,,,,,,,,,,,
,,,3314,,,,,,,,,,,,,,,
,,,3315,,,,,,,,,,,,,,,
,,,3316,,,,,,,,,,,,,,,
,,,3317,,,,,,,,,,,,,,,
,,,3318,,,,,,,,,,,,,,,
,,,3319,,,,,,,,,,,,,,,
,,,3320,,,,,,,,,,,,,,,
,,,3321,,,,,,,,,,,,,,,
,,,3322,,,,,,,,,,,,,,,
,,,3323,,,,,,,,,,,,,,,
,,,3324,,,,,,,,,,,,,,,
,,,3325,,,,,,,,,,,,,,,
,,,3326,,,,,,,,,,,,,,,
,,,3327,,,,,,,,,,,,,,,
,,,3328,,,,,,,,,,,,,,,
,,,3329,,,,,,,,,,,,,,,
,,,3330,,,,,,,,,,,,,,,
,,,3331,,,,,,,,,,,,,,,
,,,3332,,,,,,,,,,,,,,,
,,,3333,,,,,,,,,,,,,,,