ImageName,Ichneumoninae,Chalcidoidea,Proctophoridae,Tachinidae,Non-Tachinid flies,Others,Notes
BE01_Y,1,1,4,0,0,0,
BE01B_W,0,0,0,0,0,1,
BE01B_Y,1,0,1,0,0,0,
BE01C_Y,0,3,6,0,0,0,
BE02_W,0,0,0,1,0,0,
BE02_Y,3,0,0,0,0,0,
BE02B_B,0,0,1,0,0,0,no side vision 
BE02B_W,0,1,0,0,1,0,
BE02B_Y,0,0,0,0,1,0,all fragments
BE02C_Y,1,0,1,0,0,0,
BM01_B,0,0,0,0,0,0,all fragments
BM01_W,0,0,0,2,0,0,
BM01_Y,0,0,0,0,1,0,only a head
BM01B_B,1,0,0,0,0,0,only a part
BM01B_W,0,0,0,0,0,1,no wings
BM01B_Y_01,0,1,0,1,0,1,
BM01B_Y_02,0,0,0,0,6,0,
BM01C_B,1,0,0,0,0,0,
BM01C_Y,0,0,0,0,4,0,only head
BM02B_B,0,0,0,0,1,0,no wings
BM02B_W,0,0,0,0,1,0,only a head
BM02B_Y,0,0,0,0,2,0,all fragments
BM02C_W,1,0,0,0,1,0,no wings
BM02C_Y,0,0,0,0,10,0,only some heads
BM03_B,1,0,0,0,0,0,no wings
BM03_W,0,0,0,0,1,0,
BM03_Y,0,0,0,0,1,0,
BM03C_Y,0,0,0,0,1,0,
BS01_Y,1,0,0,0,0,0,
BS01B_W.1,0,0,0,3,2,0,
BS01B_W.2,3,0,0,1,0,0,
BS01B_Y,2,2,1,0,0,0,
BS01C_B,0,0,0,0,2,0,
BS01C_Y,0,1,0,0,0,0,
BS02_B,0,2,0,0,0,0,
BS02_Y.1,0,0,0,4,0,0,
BS02_Y.2,1,0,0,2,0,0,
BS02B_W,0,2,0,0,0,0,
BS02B_Y,1,1,0,1,0,0,some fragments
BS02C_B,1,0,0,0,0,0,only a wing
BS02C_W,0,0,0,0,1,0,not clearly
BS02C_Y,1,0,0,0,0,0,only a wing
BS03_B,0,1,0,2,0,0,
BS03_Y,1,1,0,0,0,0,not clearly
BS03B_W,1,1,0,0,0,0,there have another piece of wing
BS03B_Y,0,0,3,0,4,0,
BS03C_B,0,0,0,0,1,0,not clearly
BS03C_Y.1,1,0,0,1,0,0,
BS03C_Y.2,0,1,1,0,1,0,
BS03C_Y_01,0,1,1,0,1,0,
BS03C_Y_02,0,0,0,2,0,0,
BS03C_Y_03,1,0,0,1,0,0,
BS03C_Y_04,0,0,4,2,0,0,
BS03C_Y_05,1,1,0,0,1,0,
BS03C_Y_06,0,0,0,2,0,0,
BS03C_Y_07,0,0,0,1,0,0,
BS03C_Y_08,1,0,0,2,0,0,
BS03C_Y_09,0,0,0,2,0,0,
BT01B_Y,2,0,3,0,0,1,
BT01C_B,0,1,0,0,0,0,
BT01C_Y,1,0,2,0,0,0,
BT02B_W,0,0,0,1,0,0,
BT02B_Y.2,1,1,0,0,0,0,
BT02B_Y,1,1,1,0,0,0,
BT02C_Y,2,1,4,0,0,0,
BT03B_B,0,0,0,0,0,1,
BT03B_W,0,0,0,0,4,0,
BT03B_Y_01,0,0,1,0,0,2,not clearly
BT03B_Y_02,1,0,0,0,0,0,
BT03B_Y_03,1,0,1,0,0,0,
BT03C_W,0,0,2,0,6,0,some fragments
BT03C_Y,0,0,7,0,1,2,
CF01_B,0,1,0,0,0,0,some fragments
CF01_W,1,0,0,0,0,0,only half part
CF01_Y,2,0,0,0,0,0,
CF01B_W,2,0,0,0,0,3,some fragments
CF01B_Y,1,0,0,0,0,0,
CF02_B,0,0,0,4,0,0,
CF02_W,0,0,0,2,0,0,
CF02_Y,0,0,0,2,0,0,
CF02B_B,0,0,1,0,0,1,
CF02C_W,1,0,0,0,0,1,not sure
CF02C_Y,0,0,0,1,0,0,
CF03_B,1,0,0,0,0,0,
CF03_B_01,0,0,0,0,3,0,some fregements
CF03_B_02,0,0,0,4,0,0,some fregements
CF03_B_03,3,0,0,0,0,0,
CF03_Y,1,1,0,0,0,0,not sure
CF03B_B,3,1,0,0,1,1,not clearly
CF03C_Y,3,1,0,0,0,0,
CFO2B_Y,1,0,0,0,3,0,only 3 heads
NF01_Y,0,0,0,0,1,0,
NF01B_W,1,0,0,0,0,0,
NF01B_Y.1,1,0,0,0,0,0,
NF01B_Y.2,1,0,0,0,0,0,
NF01B_Y.3,1,0,0,0,0,0,
NF01C_B,0,1,0,0,0,0,
NF02_W,0,0,0,1,0,0,
NF02_Y,0,0,0,1,0,0,
NF02C_Y,0,1,0,0,0,0,
NF03_B,1,0,0,0,0,0,
NF03_W,1,0,0,0,0,0,
NF03_Y,0,0,2,0,0,0,
NF03B_W,0,0,0,0,0,1,
NF03B_Y,0,1,0,0,0,1,
NF03C_Y,1,0,1,0,0,0,
NF04_W,1,1,0,0,0,0,
NF04B_B,1,0,0,0,0,0,
NF04B_W,0,0,0,1,0,0,
NF04B_Y_01,0,0,0,2,0,0,
NF04B_Y_02,0,0,0,1,1,1,
NF04B_Y_03,0,0,0,2,0,0,
NF04B_Y_04,0,0,0,2,1,0,
NF04B_Y_05,0,0,0,2,3,0,
NF04B_Y_06,0,0,0,3,0,0,
NF04B_Y_07,0,0,0,1,1,0,
NF04C_B,0,0,0,0,0,1,
NF04C_W,0,0,0,1,0,0,
NF04C_Y,0,2,1,1,0,0,
NF05_W_,1,0,0,0,0,0,
NF05_Y_01,3,0,0,0,0,1,
NF05_Y_02,0,0,0,2,0,0,
NF05B_W.1,1,0,0,0,4,0,
NF05B_W.2,0,0,0,1,2,0,
NF05B_Y.1,0,0,0,3,1,0,
NF05B_Y.2,0,0,0,3,0,0,
NF05B_Y.3,0,0,0,3,2,0,
NF05C_W,1,0,0,0,1,0,
NF06_B,0,0,0,1,0,1,
NF06_Y_01,0,0,1,4,0,0,
NF06_Y_02,1,0,0,1,0,0,
NF06_Y_03,0,0,0,2,0,0,
NF06_Y_04,0,0,0,3,0,0,
NF06_Y_05,0,0,0,2,0,0,
NF06B_B,0,1,0,0,1,0,
NF06B_W,0,0,0,1,2,0,
NF06B_Y,0,3,0,1,0,0,
NF06C_W,0,0,0,0,1,2,
NF06C_Y,0,0,0,1,0,0,
PL01_B,0,0,0,0,1,0,
PL01_W,1,0,0,0,0,0,
PL01_Y,4,1,2,0,0,0,
PL01B_Y,1,0,0,0,0,0,
PL01C_B,0,1,0,0,0,0,
PL02_B,0,0,0,0,0,1,
PL02_B,1,0,0,0,0,0,
PL02B_Y,3,0,0,0,0,0,
PL02C_B,0,0,0,0,1,0,
PL02C_W,1,0,0,0,6,0,
PL02C_Y,1,0,0,0,2,0,
PL03B_W,1,0,0,0,0,0,
PL03B_Y.1,1,0,0,0,0,0,
PL03B_Y.2,1,0,0,0,0,0,
PL03C_W,0,0,0,0,3,0,
PL04_B,0,1,0,0,0,0,
PL04B_Y,0,0,0,0,1,0,only one head
PL04_W,1,0,0,0,0,0,
PL04_Y,3,0,1,2,0,0,
PL04B_B,0,0,0,0,0,1,
PL04B_W_01,1,0,0,0,0,0,
PL04B_W_02,1,0,0,0,0,0,
PL04B_W_03,0,0,0,0,2,0,
PL04C_W,1,0,0,0,0,0,
PL04C_Y,0,0,0,1,0,0,
PL05_W,1,0,0,0,0,0,
PL05B_B,0,0,0,0,0,1,
PL05B_W,0,0,0,0,1,1,
PL05C_Y,0,0,1,0,0,0,
PL06_Y_01,1,0,0,0,0,1,
PL06_Y_02,1,0,0,1,0,0,
PL07_Y,3,0,0,0,0,1,not clearly
PL07B_B,0,0,1,0,0,1,
PL07B_W,1,0,0,0,0,0,
PL07B_Y,1,0,1,0,0,1,
PL07C_W,0,0,4,0,2,0,
PL08_Y_01,1,1,1,1,1,0,
PL08_Y_02,0,0,0,1,0,0,
PL08_Y_03,1,0,0,0,0,0,
PL08B_B,0,0,1,0,0,0,
PL08B_Y.1,0,0,0,1,0,2,some fragments
PL08B_Y.2,0,0,1,1,1,0,
PL08B_Y.3,0,0,0,1,0,0,
PL08C_W,1,0,0,0,1,0,
PL08C_Y.1,0,0,0,1,0,0,
PL08C_Y.2,0,0,0,1,2,0,
PL08C_Y.3,0,0,0,0,9,0,
PL08C_Y.4,0,0,0,1,1,0,
PL08C_Y.5,0,1,0,0,7,0,
PL09_B,0,0,1,0,0,0,
PL09_W,1,1,0,0,0,0,
PL09_Y_01,3,0,0,0,0,0,
PL09_Y_02,1,0,0,0,0,0,
PL10_B_01,2,0,1,0,0,2,
PL10_B_02,1,0,0,0,0,0,
PL10_W,0,0,0,2,2,0,
PL10_Y.1,0,0,1,0,2,1,
PL10_Y.2,0,0,4,0,4,0,
PL10_Y,0,0,5,0,6,1,
PL10B,0,2,0,0,0,0,
PL11_Y_01,1,0,0,0,0,0,
PL11_Y_02,0,0,0,1,0,0,
PL11_Y_03,0,0,0,1,0,1,
SECOND_UNSURE_2022,2,0,0,0,0,0,
SM01C_W,0,0,0,2,2,0,
Snap-378,0,0,0,0,4,0,
SV01_W,0,1,0,0,0,0,
SV01_Y,0,0,0,5,0,0,
SV01B_W,1,0,0,0,0,0,
SV01C_Y,2,0,0,1,0,0,
SV02_W,2,0,0,0,0,0,
SV02_Y,2,0,0,0,0,0,
SV02B_W,1,0,0,0,0,1,
SV02B_Y,1,1,0,1,0,0,
SV02C_B,0,1,0,0,0,0,
SV02C_W,1,0,0,0,0,0,
SV02C_Y,0,0,2,0,0,0,
SV03_W.1,0,0,0,1,0,0,
SV03_W.2,0,0,0,2,0,0,
SV03B_W,0,0,0,0,1,0,
SV03B_Y,0,1,0,1,0,0,
SV03C_W,1,0,0,0,0,0,
TQ01_Y,0,0,0,2,0,0,
TQ01B_B.1,0,0,0,0,3,0,
TQ01B_B.2,0,0,0,3,0,0,
TQ01B_W,0,1,0,0,0,0,
TQ01B_Y,0,0,0,1,0,1,
TQ02_Y,0,1,0,0,0,0,
TQ02B_01,0,0,0,1,0,0,
TQ02B_02,1,0,0,0,0,0,
TQ02B_W,1,0,0,0,0,0,
TQ02B_Y,1,0,0,0,0,0,
TQ02C_Y,2,0,0,0,0,0,
TQ03_W,0,2,0,0,0,0,
TQ03B_W,1,0,0,0,0,0,
TQ03B_Y,0,0,0,2,0,0,
TQ03C_Y,2,0,1,0,0,0,
TQO2C_W,0,0,1,0,0,0,
UNSURE_2022,0,0,2,0,0,0,
WL01B_Y,2,0,0,0,1,0,
WL01C_B,0,0,0,2,0,0,
WL01C_W,0,1,0,1,0,0,
WL01C_Y.1,7,2,1,0,0,2,
WL01C_Y.2,4,0,0,2,0,1,
WL01C_Y.3,3,2,0,2,0,0,
WL01C_Y,7,2,1,0,0,2,
WL02B_Y,4,2,8,0,0,0,
WL02C_W,0,1,0,1,0,0,
WL02C_Y.1,9,1,0,0,0,0,
WL02C_Y.2,8,1,0,0,2,0,
WL03_B,0,3,0,0,0,0,
WL03_W,0,0,0,0,1,0,
WL03_Y,1,1,2,0,0,0,
WL03B_Y,0,3,0,0,0,0,
WL03C_W,0,1,0,2,0,1,
