date,catNum,speciesCode,treeCode,pupalDate,weight,note
719,J2590,CROCNO,VIBDI,719,0.2164,
719,J3251,CROCNO,SAMCA,719,0.3189,
719,J2552,ORTHHI,PRUSE,621,0.2384,PUPAL DATE IS PP DATE
719,J2905,ORTHRU,VIBLE,624,0.1876,PUPAL DATE IS PP DATE
719,J2631,ORTHRU,VIBDE,623,0.1888,PUPAL DATE IS PP DATE
719,J2653,ORTHXX,VIBLE,623,0.0436,
719,J2841,ORTHRU,ROSMU,707,0.172,
719,J2568,ORTHRU,CRAXX,622,0.182,
719,J2270,ORTHRU,FRAAM,613,0.1857,
719,J2536,ORTHRU,VIBAC,617,0.1184,
719,J2410,CROCNO,VIBLE,712,0.3475,
719,J2074,ORTHXX,MALXX,622,0.1193,
719,J3169,ORTHHI,LIGOB,712,0.1804,
719,J2269,EUTRCL,FRAAM,630,0.329,PUPAL DATE IS PP DATE
719,J2530,ORTHRU,VIBAC,630,0.1286,
719,J3164,ORTHHI,PRUSE,712,0.1829,
719,J2169,ORTHXX,PRUSE,622,0.1253,
719,J2352,CROCNO,VIBAC,716,0.2811,
719,J2511,ORTHHI,ROSMU,702,0.2262,PUPAL DATE IS PP DATE
719,J2405,ORTHRU,BERTH,702,0.1496,
719,J3174,ORTHHI,ROSMU,714,0.2011,
719,J2009,ORTHRU,MALXX,617,0.1041,
719,J2172,ORTHRU,PRUSE,623,0.2695,PUPAL DATE IS PP DATE
719,J2135,ORTHXX,ROSMU,702,0.0818,
719,J2933,EUTRCL,VIBLE,705,0.453,PUPAL DATE IS PP DATE
719,J2267,ORTHRU,FRAAM,616,0.2068,
719,J2166,ORTHRU,PRUSE,622,0.305,
719,J2932,ORTHHI,LONMO,627,0.2034,PUPAL DATE IS PP DATE
719,J2683,ORTHRU,LIGVU,704,0.1869,PUPAL DATE IS PP DATE
719,J2812,ORTHHI,RUSE,712,0.2696,
719,J2784,ORTHHI,LONMO,712,0.1735,
719,J2263,ORTHRU,VIBAC,617,0.0477,
719,L44,CROCNO,FRAXX,719,0.2338,
719,L41,CROCNO,FRAXX,719,0.1955,
719,L37,CROCNO,FRAXX,719,0.2286,
719,L30,CROCNO,FRAXX,719,0.1922,
719,L31,CROCNO,FRAXX,706,0.2392,
722,J2565,GEOMXX,ROSMU,708,0.0119,
722,K4011,BISTBE,PRUSE,709,0.2527,
722,J2656,ZALEXX,VIBDE,712,0.264,
722,J2102,ACHADI,ROSMU,613,0.1169,PUPAL DATE IS PP DATE
722,K4164,FOURLX,BERTH,708,0.077,PUPAL DATE IS PP DATE
722,J3249,ZALEXX,VIBDE,715,0.2412,
722,J2163,ACHADI,PRUSE,622,0.0459,
722,J2103,EUPIXX,LIGVU,618,0.0094,
722,J2551,ENNOSU,PRUSE,623,0.1208,
722,K4008,IRIDLA,FRAAM,721,0.0741,
722,J2843,ECTRCR,ROSMU,719,0.0716,
722,J2358,PHIGTI,VIBDI,615,0.1258,PUPAL DATE IS PP DATE
722,J2343,EUPIMI,ROSMU,620,0.0126,
722,J2529,EUPISW,VIBAC,613,0.0153,PUPAL DATE IS PP DATE
722,J2063,LYMADI,MALXX,706,0.3873,
722,J2783,NOCTXX,LONMO,617,0.0204,
722,J2657,PALTAN,LONMO,,0.0234,NO PUPAL DATE
722,J2436,CLADAT,BERTH,613,0.0153,
722,J2678,ENNOSU,FRAMM,623,0.0779,PUPAL DATE IS PP DATE
722,J2040,ENNOSU,MALXX,609,0.0318,
722,J2661,EUPIXX,VIBAC,618,0.0145,
722,J2099,ACHADI,VIBLE,622,0.2419,
722,J2659,HIMEFI,FRAAM,622,0.1289,
722,J2591,HIMEFI,MALXX,618,0.1436,
722,J2171,ACHADI,PRUSE,622,0.0339,PUPA MAY BE DEAD
722,J2903,EUPIMI,LIGOB,624,0.0147,
722,J2501,EUPISW,VIBAC,614,0.0218,
722,J2168,IRIDEP,PRUSE,622,0.0378,
722,J3224,GEOMXX,ROSMU,712,0.1769,
722,K4083,EUPIMI,ROSMU,712,0.0117,
722,J2374,HIMEFI,PRUSE,616,0.1534,PUPAL DATE IS PP DATE
722,J2550,HIMEFI,PRUSE,610,0.1649,PUPAL DATE IS PP DATE
722,K4326,LOMOVE,MALXX,721,0.0265,
722,K4132,EUPIMI,ROSMU,712,0.0108,
722,J2593,HIMEFI,PRUSE,615,0.1672,PUPAL DATE IS PP DATE
722,J2815,EUPIXX,ROSMU,702,0.0112,
722,K4354,LOMOVE,PRUSE,722,0.0166,
722,J3214,LOMOVE,MALXX,715,0.0305,
722,J3248,ZALEXX,VIBDE,715,0.2536,
722,J2716,MELACA,LIGVU,716,0.0832,
722,K4346,LOMOVE,PRUSE,722,0.0256,
722,L33,CROCNO,FRAAM,722,0.2284,
723,J2807,MELACA,VIBAC,630,0.0511,
723,K4105,PALTAN,ROSMU,704,0.0204,PUPAL DATE IS PP DATE
723,J2934,MELACA,VIBLE,629,0.0991,
723,J2748,MESORU,RUBXX,702,0.0606,
723,J2503,MESORU,VIBAC,702,0.0343,
723,J2321,MELACA,FRAAM,627,0.0669,
723,K4241,LOMOVE,PRUSE,719,0.024,
723,J2617,MELACA,RUBXX,702,0.066,
723,J3213,LOMOVE,MALXX,705,0.029,PUPAL DATE IS PP DATE
723,J2616,MELACA,RUBXX,702,0.0506,
723,J3118,LOMOVE,MALXX,712,0.0268,
723,J2609,MESORU,RUBXX,705,0.0673,
723,J2846,MELACA,VIBDI,624,0.0185,
723,K4094,MELACA,PRUSE,705,0.0299,
723,J2750,MELACA,FRAAM,622,0.0678,
723,J2512,TRICAL,ROSMU,705,0.0552,
723,K4229,LOMOVE,MALXX,716,0.0193,
723,J2723,MELACA,MALXX,,0.0378,NO PUPAL DATE
723,K4066,LOMOVE,MALXX,711,0.0163,
723,J3585,CORYME,BERTH,715,0.1095,
723,J2322,MELACA,RUBAL,630,0.0519,PUPAL DATE IS PP DATE
723,J2173,MELACA,PRUSE,607,0.0301,PUPA MAY BE DEAD/SQUISHED
723,J3165,MELACA,PRUSE,705,0.0285,
723,J2266,MELACA,FRAAM,627,0.0928,PUPAL DATE IS PP DATE
723,J3029,CORYME,BERTH,630,0.012,
723,J3212,MELACA,MALXX,712,0.0154,
723,J2603,MELACA,VIBDI,617,0.0151,
723,J2820,MELACA,PRUSE,628,0.106,PUPAL DATE IS PP DATE
723,J3444,LOMOVE,PRUSE,719,0.0314,
723,K4076,MELACA,MALXX,710,0.0499,
723,J2761,MELACA,FRAAM,622,0.096,
726,K4017,HYPAUN,PRUSE,726,0.046,
726,K4095,MELACA,PRUSE,726,0.1319,
726,K4404,RHEUPR,PRUSE,725,0.0706,
726,K4388,RHEUPR,PRUSE,725,0.0804,
726,K4405,RHEUPR,PRUSE,726,0.0843,
726,K4395,RHEUPR,PRUSE,725,0.0829,
726,K4407,RHEUPR,PRUSE,725,0.0853,
726,K4387,RHEUPR,PRUSE,726,0.0794,
726,K4398,RHEUPR,PRUSE,726,0.0885,
726,K4389,RHEUPR,PRUSE,725,0.0791,
726,K4386,RHEUPR,PRUSE,725,0.0802,
726,K4402,RHEUPR,PRUSE,725,0.0723,
726,K4382,RHEUPR,PRUSE,726,0.0797,
726,K4381,RHEUPR,PRUSE,726,0.0959,
726,K4393,RHEUPR,PRUSE,725,0.0919,
726,K4409,RHEUPR,PRUSE,726,0.0712,
726,K4401,RHEUPR,PRUSE,726,0.0932,
726,K4411,LOMOVE,CRAXX,725,0.0236,
726,K4383,RHEUPR,PRUSE,725,0.0827,
727,J3583,MELACA,SAMCA,726,0.0765,
727,K4039,MESORU,RUBXX,723,0.052,
727,K4325,LOMOVE,MALXX,726,0.0219,
727,J2344,CROCNO,ROSMU,726,0.2723,
727,J2528,CROCNO,FRAAM,723,0.2425,
727,K4284,LOMOVE,MALXX,726,0.0266,
727,J2408,ORTHHI,BERTH,726,0.2189,
727,K4068,LOMOVE,MALXX,726,0.0238,
727,J2813,ORTHRU,ROSMU,726,0.2131,
727,K4247,LOMOVE,PRUSE,726,0.0176,
727,K4238,ZALEXX,VIBLE,726,0.3127,
727,K4345,LOMOVE,PRUSE,726,0.0156,
727,K4240,LOMOVE,MALXX,726,0.0227,
727,K4128,ORTHHI,LONMO,726,0.1823,
727,J2720,ORTHHI,ROSMU,726,0.2321,
727,K4337,LOMOVE,MALXX,726,0.0261,
727,K4288,LOMOVE,MALXX,726,0.0154,
727,J2912,ORTHHI,RUBXX,726,0.1564,
727,K4103,LOMOVE,MALXX,726,0.0158,
727,K4339,LOMOVE,MALXX,726,0.0274,
727,J3225,ORTHHI,ROSMU,726,0.1471,
727,J3371,LOMOVE,PRUSE,726,0.0206,
727,J3131,IRIDLA,PRUSE,726,0.0545,
727,K4444,MICROX,FRAAM,726,0.0627,
727,J3464,LOMOVE,PRUSE,726,0.0262,
730,K4071,LOMOVE,MALXX,729,0.0192,
730,K4385,RHEUPR,PRUSE,729,0.0911,
730,K4396,RHEUPR,PRUSE,729,0.0541,
730,K4384,RHEUPR,PRUSE,729,0.0762,
730,J3472,LOMOVE,PRUSE,729,0.0304,
730,K4286,LOMOVE,MALXX,729,0.02,
730,K4392,RHEUPR,PRUSE,729,0.0789,
730,K4340,LOMOVE,MALXX,729,0.016,
730,K4380,RHEUPR,PRUSE,729,0.0798,
730,J2324,LITHXX,ROSMU,725,0.2174,
730,K4400,RHEUPR,PRUSE,729,0.0585,
730,K4331,LOMOVE,MALXX,729,0.0242,
730,K4566,GEOMXX,LONMO,726,0.0496,
730,K4248,EUTRCL,PRUSE,729,0.3104,
730,J2921,CROCNO,ROSMU,729,0.22,
730,J2817,ORTHHI,ROSMU,729,0.1904,
730,K4294,LOMOVE,MALXX,729,0.0265,
730,J3370,LOMOVE,PRUSE,729,0.0152,
730,J2342,CROCNO,ROSMU,729,0.3378,
730,K4391,RHEUPR,PRUSE,729,0.0856,
730,K4006,HYPAUN,FRAAM,726,0.0538,
730,K4397,RHEUPR,PRUSE,729,0.0894,
730,K4529,GEOMXX,SAMCA,729,0.1752,
730,J3168,ACHADI,ROSMU,728,0.2168,
730,K4081,HYPAUN,ROSMU,726,0.0536,
730,J2880,EUTRCL,ROSMU,729,0.3938,
730,J2842,CROCNO,ROSMU,727,0.2597,
730,K4040,MESORU,RUBXX,725,0.0609,
730,J3277,PALTAN,LONTA,725,0.0354,
802,K4003,CERAUN,FRAAM,802,2.36,
802,K4562,LOMOVE,MALXX,802,0.0191,
802,K4439,HYPAUN,ROSMU,802,0.0741,
802,J2095,CROCNO,MALXX,802,0.234,
802,J3133,ACHADI,LIGOB,802,0.199,
802,K4336,LOMOVE,MALXX,802,0.0274,
802,K4283,LOMOVE,MALXX,802,0.0199,
802,J3138,CROCNO,CRAXX,802,0.2256,
802,J2875,EUTRCL,PRUSE,802,0.5415,
802,J2752,CROCNO,ROSMU,802,0.2042,
802,K4315,LOMOVE,MALXX,802,0.0276,
802,K4451,UNKNXX,MALXX,802,0.0399,
802,K4440,HYPAUN,ROSMU,802,0.098,
802,K4341,HYPAUN,ROSMU,802,0.0547,
803,L19,CROCNO,FRAXX,803,0.2356,
803,L05,CROCNO,FRAXX,803,0.2592,
803,L35,CROCNO,FRAXX,803,0.2636,
804,L34,CROCNO,FRAXX,726,0.0229,
804,L14,CROCNO,FRAXX,804,0.1886,
804,J2594,CROCNO,FRAAM,804,0.218,
804,J3448,CROCNO,VIBAC,804,0.2666,
804,J3475,LOMOVE,MALXX,804,0.02,
804,J3430,PALTAN,LONMO,804,0.0312,
804,K4238,LOMOVE,MALXX,804,0.0215,
804,K4334,LOMOVE,MALXX,804,0.0304,
804,K4298,LOMOVE,MALXX,804,0.0281,
804,K4575,LOMOVE,MALXX,804,0.0285,
804,K5035,MELACA,ROSMU,803,0.0967,
810,K4078,LOMOVE,PRUSE,806,0.0141,
810,K4321,LOMOVE,MALXX,806,0.0202,
810,J2877,LITHXX,ROSMU,806,0.1326,
810,J3468,ECTRCR,PRUSE,806,0.1057,
810,K5003,CORYME,BERTH,809,0.0728,
810,K4596,CORYME,BERTH,809,0.0672,
810,K5001,CORYME,BERTH,809,0.0849,
810,J2901,LITHXX,LIGOB,809,0.1478,
810,K4107,PALTAN,ROSMU,809,0.0283,
810,K4540,NEMARE,PRUSE,809,0.051,
810,J2559,CROCNO,VIBDI,809,0.1893,
810,J3479,MELACA,PRUSE,809,0.11,
810,K4189,HYPAUN,MALXX,806,0.1029,
810,K4320,LOMOVE,MALXX,806,0.0298,
810,J2596,CROCNO,VIBDI,806,0.2348,
810,J3469,HYPAUN,PRUSE,806,0.0942,
810,J3186,CROCNO,ROSMU,806,0.2832,
810,K4394,LOMOVE,PRUSE,806,0.0275,
810,K5000,CAMPPE,PRUSE,809,0.1082,
810,J3482,LOMOVE,MALXX,809,0.0162,
810,K4457,LOMOVE,MALXX,809,0.0239,
810,J2547,ORTHHI,VIBAC,809,0.1872,
810,K4559,LOMOVE,MALXX,806,0.022,
810,K4231,LOMOVE,MALXX,806,0.0184,
810,K4998,MICROX,RUBXX,810,0.0233,
810,K4727,HERMXX,ROSMU,806,0.0213,
813,K4357,LOMOVE,PRUSE,811,0.019,
813,K4541,MELACA,PRUSE,813,0.1549,
813,K4025,CAMPPE,PRUSE,811,0.118,
813,J3037,PAPIGL,FRAAM,806,0.5962,
813,K4347,ECTRCR,PRUSE,811,0.2479,
813,K4249,CAMPPE,PRUSE,811,0.0978,
813,L38,CROCNO,FRAXX,813,0.1512,
813,L07,CROCNO,FRAXX,813,0.2625,
813,L13,CROCNO,FRAXX,811,0.1992,
816,J3140,ACROSU,CRAXX,816,0.2676,
816,K4242,LOMOVE,PRUSE,816,0.0073,
816,J2599,CROCNO,MALXX,816,0.3206,
816,K4459,UNKNXX,MALXX,816,0.0453,
816,K4085,CAMPPE,ROSMU,816,0.0692,
816,C03,CORYME,BERTH,816,0.0934,
816,C13,CORYME,BERTH,816,0.0854,
816,C25,CORYME,BERTH,816,0.0964,
816,C18,CORYME,BERTH,816,0.0811,
819,K4595,ECTRCR,BERTH,816,0.01027,
819,K4403,RHEUPR,BERTH,726,0.0652,
819,K4324,MELACA,MALXX,818,0.1264,
819,K4573,LOMOVE,PRUSE,729,0.0266,
819,J2272,AMPHPY,FRAAM,622,0.2407,
819,K4311,HYPAUN,ROSMU,809,0.0422,
819,J3221,ECTRCR,MALXX,818,0.1198,
819,K4328,HYPAUN,MALXX,818,0.0827,
819,K4292,LOMOVE,MALXX,818,0.0278,
819,J2878,ACHADI,ROSMU,809,0.2034,
819,J2681,EUTRCL,VIBSI,729,0.3182,
819,J3216,LOMOVE,MALXX,723,0.0212,
819,K4333,LOMOVE,MALXX,811,0.0226,
819,K4322,MELACA,MALXX,819,0.0298,
819,K5008,ACROSU,MALXX,819,0.2607,
819,K4319,HETEGO,MALXX,819,0.2619,
819,J3427,CAMPPE,LONMO,819,0.1024,
819,J3592,PALTAN,LONMO,819,0.0243,
819,J2076,ORTHXX,CRAXX,819,0.1921,
820,J2254,EUPSXX,ROSMU,819,0.1875,
820,J3184,EUPSXX,ROSMU,819,0.2008,
820,J2623,LITHXX,VIBLE,819,0.2159,
820,J2317,LITHXX,VIBDI,819,0.1663,
820,J2549,LITHXX,PRUSE,819,0.2704,
820,J2353,LITHXX,VIBPL,819,0.1754,
820,J2676,PALTAN,PRUSE,820,0.0237,
820,J2871,CROCNO,ROSMU,820,0.1981,
820,J2326,LITHXX,ROSMU,819,0.1982,
820,J2749,LITHXX,FRAXX,819,0.1807,
820,J2759,LITHXX,ROSMU,819,0.2362,
820,J2658,LITHXX,VIBDE,819,0.3124,
820,J3231,CAMPPE,MALXX,820,0.0477,
820,J2104,LITHXX,ROSMU,819,0.2546,
820,J2034,LITHXX,PRUSE,819,0.2944,
820,J2170,LITHXX,PRUSE,819,0.2555,
820,J2175,EUPSXX,PRUSE,819,0.2138,
820,J2373,LITHXX,FRAXX,819,0.2054,
824,K4534,MELACA,PRUSE,823,0.0821,
824,K4570,MICROX,PRUSE,823,0.0358,GE; S-727
824,K4010,CAMPPE,FRAAM,823,0.1057,S-727
824,K4995,ZALEXX,PRUSE,823,0.6481,
824,K4349,ZALEXX,PRUSE,823,0.6696,726A
824,K4692,MELACA,PRUSE,823,0.1234,
827,L32,COROCNO,LIGOB,824,0.3012,
827,K4449,EUPIMI,LIGOB,818,0.131,P DATE IS PP DATE
827,K4293,LOMOVE,MALXX,818,0.0214,P DATE IS PP DATE
827,J3274,MORRLA,VIBDE,825,0.3739,
827,K4999,MELACA,PRUSE,820,0.1341,P DATE IS PP DATE
827,J2746,MORRCO,VIBLE,816,0.2415,P DATE IS PP DATE
827,J3437,CAMPPE,MALXX,827,0.0794,
827,K4455,PROTPO,MALXX,823,0.0393,
901,L03,CROCNO,LIGOB,831,0.2491,
901,K4021,GEOMXX,RUBXX,831,0.2315,
901,K4690,MELACA,PRUSE,831,0.0968,
901,J2942,MORRLA,ROSMU,830,0.2939,
901,K4353,MORRLA,PRUSE,831,0.4505,
901,K4683,MELACA,VIBLE,831,0.1383,
901,K4528,FOURLX,ROSMU,830,0.0647,
901,K4075,MORRCO,ROSMU,831,0.1781,
901,K4456,EREBXX,MALXX,831,0.0329,
901,K4686,FOURLX,MALXX,831,0.0513,
901,K4996,MELACA,PRUSE,901,0.0758,
903,K4715,MICROX,LIGOB,901,0.0475,GE
903,K4141,MICROX,MALXX,901,0.0283,GE
908,J2904,CROCNO,LIGOB,908,0.2898,
908,K4024,PROCLI,MALXX,908,0.2701,
908,L20,CROCNO,LIGOB,908,0.2933,
908,L02,CROCNO,LIGOB,908,0.265,
908,L15,CROCNO,LIGOB,908,0.2884,
920,J3487,MORRLA,ROSMU,910,0.1926,
920,K4568,GEOMXX,MALXX,920,0.1778,
920,K4246,PROCLI,FRAXX,910,0.2614,
920,K4342,MORRLA,MALXX,908,0.0977,
920,K4572,PROCLI,PRUSE,910,0.2353,ID UNSURE
920,K4542,ZALEXX,PRUSE,910,0.4208,
920,K4691,MELACA,PRUSE,910,0.0867,
108,K4466,MORRCO,ROSMU,927,0.2133,
108,J2756,MORRCO,RUBXX,926,0.2193,
108,K4716,PROCLI,ROSMU,927,0.2529,
108,K4714,ACROHA,PRUSE,926,0.276,
108,K4627,PROCLI,ROSMU,922,0.1621,
108,K4725,PROCLI,ROSMU,922,0.2172,
108,K4721,PROCLI,ROSMU,924,0.2821,