Number,Type,Family,Morphospecies,Notes,
J3272T,A,I,m1,Not a smooth horse head: line around neck and nose area (horsehead is in three sections). Line outlining snout is not fully closed. Black eyes. Short antennae with buldge closer to head ,
2040,A,I,m1,*see J3272T for notes,
1976,A,I,m1,*see J3272T for notes,
J2728,A,I,m1,*see J3272T for notes,
1977,A,I,m10,Horse head has flat nose and no tongue sticking out. Shape right above horse head is a halved oval. ,
J2137,P,T,m11,Has shruken in top of pupae. Top of pupae is wrinkled and a lighter color than the rest of the pupae. ,
J3244,P,T,m12,No horizontal wrinkles (smooth). Divets throughout outside shell. Looks like a smoother walnut. Lighter variation looks like a citrus juicer. ,
K4443,P,T,m12,*see J3244 for notes ,
J2276,P,T,m12,*see J3244 for notes ,
1234,P,T,m12,*see J3244 for notes ,
J2543,P,T,m12,*see J3244 for notes ,
1246,P,T,m12,*see J3244 for notes,
1099,P,T,m12,*see J3244 for notes. Featuring a fused catepillar to the side. ,
BH52731,P,T,m12,*see J3244 for notes ,
DJ31031,P,T,m12,*see J3244 for notes,
BW3081(2?),P,T,m12,*see J3244 for notes,
BN50231,P,T,m12,*see J3244 for notes,
CG32131,P,T,m12,*see J3244 for notes,
BH66731,P,T,m12,*see J3244 for notes,
J2160,P,T,m13,One end comes to plateau. Other rounded end has two little points. Has spots on the outside. ,
J2161,P,T,m13,*see J2160 for notes,
2150,P,T,m13,*see J2160 for notes,
J2357,P,W,m14,Completely smooth. Fuzzy outside. Golden highlights with overall dark color. ,
J2562T,A,I,m15,Looks like m1 but horsehead is complete. ,
1001,A,I,m15,*see J2562T for notes,
J3160,P,W,m16,Silky pill-shaped with discoloration (tanish/brown) on lower half of pupae. ,
J3031,P,W,m16,*see J3160 for notes ,
1265,P,W,m16,*see J3160 for notes ,
J2500,P,W,m16,*see J3160 for notes ,
J2318,P,W,m16,*see J3160 for notes ,
J2546,P,W,m16,*see J3160 for notes ,
CB52331,P,W,m16,*see J3160 for notes,
BH33034,P,W,m16,*see J3160 for notes,
BG35531,P,W,m16,*see J3160 for notes,
J2162,P,T,m17,Darker at caps of pupae. Grey creases running horizontally on the pupae. ,
1275,P,T,m17,*see notes for J2162. Just does not have grey creases on pupae,
J3117,P,T,m17,*see notes for J2162. Smoother than others in this morphospecies but still has horizontal creases running across pupae. (2/2),
BT32631,P,T,m17,*see notes for J2162. One end comes to a sort-of plateau but not enough to make it too different.,
DS68031,P,T,m17,*see notes for J2162,
1312,P,T,m17,*see notes for J2162,S
1215,P,T,m17,*see notes for J2162,
1007,P,T,m17,*see notes for J2162,
1104,P,T,m17,*see notes for J2162,
DW36731,P,T,m17,*see notes for J2162,
1200,P,T,m18,Smooth with subtle bumps. No fuzzy texture. One end comes to more of a point- towards that end there are two points that curve towards pointed end. ,
J2539,A,I,m19,Horse head is compleletly smooth and has tringular nose (45 degree angle). Long skinny abdomen. ,
J3603,A,I,m19,*see J2539 for notes,
J2718T,A,I,m2,Redcued wing veination. Large throax with short abdomen.,
J3591T,A,I,m2,*see J2718T notes,
2011,A,I,m2,*see J2718T for notes ,
2010,A,I,m2,*see J3272T for notes,
1250,A,I,m2,*see J3272T for notes,
1438,A,I,m2,*see J3272T for notes,
J3608,A,I,m2,*see J3272T for notes,
BF52331/BF52332,A,I,m2,*see J3272T for notes,
1421,A,I,m2,*see J3272T for notes,
2211,A,I,m2,*see J3272T for notes,
2231,A,I,m2,*see J3272T for notes,
2225,A,I,m2,*see J3272T for notes,
2201,A,I,m2,*see J3272T for notes,
2224,A,I,m2,*see J3272T for notes,
2243,A,I,m2,*see J3272T for notes,
1597,A,I,m2,*see J3272T for notes,
1953,A,I,m2,*see J3272T for notes,
2254,A,C,m2,*see J3272T for notes,
K4408,A,I,m2,*see J3272T for notes,
K4406,A,I,m2,*see J3272T for notes,
K4013,A,I,m2,*see J3272T for notes,
K4450,A,I,m2,*see J3272T for notes,
J3027,A,I,m2,*see J3272T for notes,
J2727,A,I,m2,*see J3272T for notes,
FG36725,A,I,m2,Nola Silk Black ,
BR65024,A,I,m2,,
CG32521,A,I,m2,,
BH37124,A,I,m2,,
CA39621,A,I,m2,,
BH37122,A,I,m2,,
DL31821,A,I,m2,,
BH54722,A,I,m2,,
BR74722,A,I,m2,,
BG52321,A,I,m2,,
BT54721,A,I,m2,,
BY36427,A,I,m2,,
BC65021,A,I,m2,,
BH66721,A,I,m2,,
CS52321,A,I,m2,,
BT32622,A,I,m2,,
CB31721,A,I,m2,,
FG36728,A,I,m2,,
BH37125,A,I,m2,,
BX50221,A,I,m2,,
CC32721,A,I,m2,,
BQ67921,A,I,m2,,
DD34822,A,I,m2,,
CA68012,A,I,m2,,
K4684,A,I,m20,Horse head has rounded nose. Very small head and a line where the neck is. Black body with yellow legs. ,
K4436,A,I,m20,*see K4684 for notes,
1850,A,I,m20,*see K4684 for notes,
1414,A,I,m20,*see K4684 for notes. All specimens in this vial are degraded. ,
2200,A,I,m20,*see K4684 for notes,
J2271,A,I,m20,*see K4684 for notes,
J2499,A,I,m20,*see K4684 for notes,
J2138,A,I,m20,*see K4684 for notes,
K4187,P,T,m21,Both ends are rounded- one end has two little points on it. End with the points buldges out a little (not a perfect pill-shape).,
1975,P,T,m21,"For smaller, lighter pupae: *see K4187 for notes (2/2)",
J2660,P,T,m21,*see K4187 for notes ,
1048,P,T,m21,*see K4187 for notes,
K5002,P,W,m22,Transparent with large brown/black species towards the bottom. Fuzzy outside but thinner shaped than m16. ,
K4630,A,I,m23,Long nose (almost the same size as the head). Horse head cut in three divisions. Reduced veination to the left of the horse head. Abdomen is a gradient- very long and skinny.,
1975,P,T,m24,For bigger pupae: One end has two little points (looks like horns). Other end is rounded but has small protrusion.  (1/2),
J3605T,A,C,m25,*see 1210 for notes,
1210,A,C,m25,Flat head. 7 segments on antennae. No wing veination. Dark hourglass shape with rounded triangle thorax. Hind legs have spikes coming off. ,
1353,A,C,m25,*see 1210 for notes ,
CS55931,A,C,m25,*see 1210 for notes ,
BP32231,A,C,m25,*see 1210 for notes ,
1310,A,C,m25,*see 1210 for notes,
1358,A,C,m25,*see 1210 for notes ,
1334,A,C,m25,*see 1210 for notes ,
1021,A,C,m25,*see 1210 for notes ,
1236,A,C,m25,*see 1210 for notes ,
1026,A,C,m25,*see 1210 for notes,
CZ30631,A,C,m25,*see 1210 for notes,
BN50531,A,C,m25,*see 1210 for notes,
1235,P,W,m26,Egg shaped. Smooth on one end- bumps on another. ,
BF68032,P,W,m26,*see 1235 for notes,
DB68032,P,W,m26,*see 1235 for notes,
CB52731,P,W,m26,*see 1235 for notes,
1316,P,W,m26,*see 1235 for notes,
1107,P,W,m26,*see 1235 for notes,
1094,P,W,m26,*see 1235 for notes,
K4563,A,T,m27,Short/stubby body. Lighter legs than thorax and abdoman. ,
K4070,A,T,m27,*see K4563 for notes,
2260,A,T,m27,*see K4563 for notes,
K4536,A,I,m28,"Elongated horse head without segments. Looks like horse is blowing a bubble. Very long, dark unsegmented antennae. ",
J2725,P,W,m29,"Compact, pointed egg shape. Has a stripe going around the diameter (stripe is a tanner brown as compared to rest of pupae). Pupae is see-through. ",
J2715,P,W,m29,*see J2725 for notes. Less transparent than J2725,
1112,P,W,m29,*see J2725 for notes.,
1172,P,W,m29,*see J2725 for notes.,
J2757T,A,I,m3,Large square bucket of hay on horse head. Skinny waist- large last segment by oviposter (?). Lima bean shaped black eyes,
1090,A,I,m3,*see J2757T for notes,
CH70131,A,I,m3,*see J2757T for notes,
FG36727,A,I,m3,Nola Silk Gold,
FG36722,A,I,m3,,
NA36224,A,I,m3,,
CH31121(?),A,I,m3,,
CS31021,A,I,m3,,
EN87921,A,I,m3,,
NA36221,A,I,m3,,
TH30924,A,I,m3,,
CE52321,A,I,m3,,
BP32621,A,I,m3,,
CA37921,A,I,m3,,
BH66722,A,I,m3,,
CX30621,A,I,m3,,
CB50521,A,I,m3,,
FA32721,A,I,m3,,
CE556721,A,I,m3,,
CD35022,A,I,m3,,
BH37121,A,I,m3,,
DH36722,A,I,m3,,
CC34822,A,I,m3,,
DH36721,A,I,m3,,
J3117,P,T,m30,"Top of pupae is segmented into rolls. One side of pupae is smooth, other has more of a wave outline. (1/2)",
J2752,A,I,m31,Very large. Wing veination does not resemble a horse head. ,
J2130,P,T,m32,Deformed egg shape with VERY pointy ends. Has darker band around middle.,
K4571,A,I,m33,Completely dark body with lighter appendages. Horse head has a fat base/neck.,
1274,A,I,m34,Horse head has a square at the end of the nose- also very elongated head with narrow nose. ,
1198,A,I,m34,*see 1274 for notes,
1063,A,I,m34,*see 1274 for notes,
J3245,A,C,m35,Very little wing veination. White veination in wing. Antennae has 13 segments. 2 in vial are the same morphospecies ,
J2915,P,T,m36,Completely smooth and transparent pupae. ,
1078,P,T,m36,*see J2915 for notes,
NB38032,P,T,m36,*see J2915 for notes,
J2530,P,T,m37,Very long and skinny pupae. Tan color with darker spots on it. One bump on the outside of the pupae. ,
J2311,P,T,m38,*see 1975 for notes ,
DP36731,P,T,m38,"Extreme, skinny plateau. Very smooth pupae. ",
FU31831,P,T,m38,*see DP36731 for notes,
ND31931,P,T,m38,*see DP36731 for notes,
BW52731,P,T,m38,*see DP36731 for notes,
BT62531,P,T,m38,*see DP36731 for notes,
BN31331 (Green),P,T,m39,"One end is pointed, the other end has two creases that make a U-shape by the other end. ",
BN31331 (Yellow),P,T,m39,*see BN31331 (Green) for notes,
CC36431,P,T,m39,*see BN31331 (Green) for notes,
1576,P,T,m39,*see BN31331 (Green) for notes,
1085,P,T,m39,*see BN31331 (Green) for notes,
1190,P,T,m39,*see BN31331 (Green) for notes,
ZZ54531,P,T,m39,*see BN31331 (Green) for notes,
J2561T,A,C,m4,Hammer head shape with red eyes. No wing veination. Has what looks like a stomata on head. Throax has a light yellow stripe. ,
1050,A,C,m4,*see J2561T for notes. Different from m25 via antennae- longer and less bubbly ,
1017,A,C,m4,*see J2561T for notes,
1044,A,C,m4,*see J2561T for notes,
1014,A,C,m4,*see J2561T for notes,
1091,A,C,m4,*see J2561T for notes,
1116,A,C,m4,*see J2561T for notes,
1034,A,C,m4,*see J2561T for notes,
1103,A,C,m4,*see J2561T for notes,
1004,A,C,m4,*see J2561T for notes,
J2257,P,T,m40,Black stripe down back and sides of fly ,
1080,A,T,m41,Head to body ratio is longer than m27,
1062,A,I,m43,Horse head nose comes to a point.,
1270,P,T,m44,Curved pupae. Light tan/yellow. Crease running up side. ,
1849,A,C,m45,Looks like m25 but has black eyes. Body does not have a gradient- all black with tannish legs. ,
K4594T,A,I,m46,*see EG32631 for notes,
EG32631,A,I,m46,Looks like m2 but there is a third rounded shape where the horse head should be. ,
1190,P,T,m47,Pupae is broken up but is compltely smooth- no grey creases on it. Outer outline dark than the middle. ,
J2843,P,T,m48,*see notes for 1167,
1336,P,T,m48,*see notes for 1167,
1040,P,T,m48,*see 1167 for notes,
1167,P,T,m48,Bumpy on the outside. One end is more pointed than the other. ,
NB31333,P,T,m48,*see 1167 for notes,
BQ40241,P,T,m48,*see 1167 for notes,
BA65032,P,T,m49,No creases on the pupae. The pointed end has one flat side.,
J3058T,A,C,m5,"Sasuage-link, short antennae (4 segments). No wing veination. ",
DS75933,A,I,m50,Has line sticking out of horsehead  (but not a full tongue). Three rectangular shapes under horsehead. ,
CQ68031,A,I,m51,Has line sticking out of horsehead (not full tongue). Has four rectangular shapes under horsehead- very similar to m50,
EJ36731,A,I,m52,Horsehead complete but it very rounded- shape right next to horsehead looks like a slighly less developed head. ,
K4165,A,I,m53,*see BW30831 for notes,
BW30831,A,I,m53,Looks like m1 but is missing bottom part of horsehead chin,
BZ52631,A,I,m53,*see BW30831 for notes,
K4028,A,C,m54,Dark body with gold features. Antennae have 13 segments. Very small partial vein ontop of wing ,
K5010,A,C,m54,*see K4028 for notes,
J2785,A,C,m54,*see K4028 for notes,
J3366,A,I,m55,Looks like m34 but head of horsehead has more of a pentagon off of horse's nose that is not fully closed. Darker in color (?),
K4546,A,I,m55,*see J3366 for notes,
K4545,A,I,m56,"Flat, angled nose and head. ",
J3060,A,I,m57,Snoot dips in/is curvy. Nose comes to a rounded point (very small angle). Shape underneath head is large and rounded but not connected in the middle facing outwards. ,
J3242,A,I,m58,Horse head looks more like a bent finger. ,
J2505,A,I,m59,Elongated neck on horse head. Shape underneath head almost same length as head. ,
J2072,A,I,m59,*see J2505 for notes,
J2809,A,I,m59,*see J2505 for notes,
J2810,A,I,m59,*see J2505 for notes,
J2315,A,I,m59,*see J2505 for notes,
J2349,A,I,m59,*see J2505 for notes,
J3036,A,I,m59,*see J2505 for notes,
J3247T,A,I,m6,Entire body is a gradient. Wings have veins but no visible complete horse head. ,
J3159,A,I,m60,Gap in horsehead at chin area. Horsehead is very rounded. ,
J3436,A,I,m60,*see J3159 for notes. This one is lighter in color but has same gap in horsehead chin area. ,
J3229,A,I,m61,Horse head looks like a race horse running. Shape underneath head is bigger than head itself. ,
J2531,A,I,m62,Horse head does not have a distinct neck from head (one chunky blob). Rounded pentage at end of nose. Line above horsehead is very dark. ,
J3232,A,I,m63,Looks like m2 but veins make a rectangle spilt in half on wings. Bottom half of rectangle not fully connected. ,
J2747,A,T,m64,Golden body- wings have four distinct wing veins on it. Top of wing is fuzzy. ,
J2532,A,I,m65,"Skinny horsehead with small, rectangle nose. Triangle above horsehead. ",
J2264,A,C,m66,Transparent legs. Wings have slight veination as you go towards thorax. One vein ontop that blurrs as it comes down to the surface of the wing. ,
J2042,A,I,m67,Horse head elongated. Shape under horse head (neck) is very skinny and angular. ,
J2497,A,I,m68,Horse head is very rounded (like m46) but horsehead is not complete (neck and head do not fully connect).,
J2268,A,I,m69,Looks similar to m20 and m46 but does not have a complete nose. Line to the immediate left of horse does not connect to horse nose. ,
K4329T,A,I,m7,Horse head looks like it has a little bucket of hay attached to mouth. Very small waist and large abdomen. ,
K4105T,A,I,m7,*see K4329T for notes,
1258,A,I,m7,*see K4329T for notes ,
BF52331/BF52332,A,I,m7,*see K4329T for notes,
1586,A,I,m7,*see K4329T for notes,
1644,A,I,m7,*see K4329T for notes,
2208,A,I,m7,*see K4329T for notes,
1096,A,I,m7,*see K4329T for notes,
2189,A,I,m7,*see K4329T for notes,
BS31032,A,I,m7,*see K4329T for notes,
CB52734,A,I,m7,*see K4329T for notes,
BR52331,A,I,m7,*see K4329T for notes,
BM31832,A,I,m7,*see K4329T for notes,
BT50531,A,I,m7,*see K4329T for notes,
EG32631,A,I,m7,*see K4329T for notes,
EM32731,A,I,m7,*see K4329T for notes,
CA52732,A,I,m7,*see K4329T for notes,
CA68033,A,I,m7,*see K4329T for notes,
DS68033,A,I,m7,*see K4329T for notes,
CF32331,A,I,m7,*see K4329T for notes,
J2566,A,I,m7,*see K4329T for notes,
J2498,A,C,m70,Long black antennae (almost same length of body). Wings have a single small line for veination- connected to top part of wing coming out of small blob of color. ,
CF38021,A,I,m71,Pyre Silk Gold,
BL57123,A,I,m71,,
BL57121,A,I,m71,,
BG36422,A,I,m71,,
ZA32621,A,I,m71,,
DE50521,A,I,m71,,
BH52721,A,I,m72,Nola cord red ,
BU54921,A,I,m72,,
ND31823,A,I,m72,,
BN34621,A,I,m72,,
CC32722,A,I,m72, ,
CD31222,A,I,m72,,
FF31821,A,I,m72,,
BQ34722,A,I,m72,,
BX37122,A,I,m72,,
BH68021,A,I,m72,,
DW32522,A,I,m72,,
BR50521,A,I,m72,,
CB52712,A,I,m74,Pyre multi ,
CZ32621,A,I,m75,Nola wiggle ,
J3172T,A,I,m8,Abdonmen has stripes on it. Very thick and short abdomen. Horse head very elongated with long tongue sticking out.,
CG32532,A,I,m8,*see K4329T for notes,
DS75932,A,I,m8,*see K4329T for notes,
J2778,A,I,m8,*see K4329T for notes,
J2719T,A,I,m9,Very thick horse head with skinny short line sticking out of mouth. Shape under horse head more rounded. ,
1041,A,I,m9,*see J2719T for notes,
J28218,N,,,,
J2938,N,,,,
J2320,N,,,,
J2250,J,,,Catepillar head ,
K4574,J,,,Catepillar head,
K5024,J,,,Not a parasitoid ,
K4626,N,,,,
K4604,N,,,,
K4561,J,,,Part of catepillar ,
2193,N,,,,
K4158,N,,,,
J2679,N,,,,
K4317,J,,,Piece of catepillar/junk ,
J3441,J,,,Yellow pupae with two black spots on one end of pupae. Would not be a good candidate for DNA- in fragments/has junk in it as well ,
J2724,J,,,Fragments on a pupae and junk ,
BL40233,N,,,,
1413,J,,,Mostly junk,
2128,N,,,,
1018,N,,,,
2201,N,,,,
2234,N,,,,
1054,J,,,,
K4376,N,,,,
