dateInitialWeight,catNum,initialWeight,finalWeight,frassWeight,weirdFinal,aged,notes
608,J2311,0.0466,,,,,
608,J2312,0.0064,,,,,
608,J2316,0.0134,,,,,
608,J2317,0.081,0.1392,0.1251,,,
608,J2318,0.0851,,,,,
608,J2319,0.3131,0.1321,0.1338,dead,,
608,J2320,0.0009,,,,,
608,J2321,0.0103,0.0761,0.0614,,,
608,J2322,0.0071,0.02,0.0177,,,
608,J2323,0.0436,0.1069,0.1057,,,
608,J2324,0.0068,0.0185,0.0203,,,
608,J2325,0.0081,,,,,
608,J2326,0.1669,0.1868,0.1603,,,
608,J2342,0.0075,0.0126,0.0146,,,
608,J2343,0.0158,,,,,
608,J2344,0.0319,0.0555,0.0619,,,
608,J2347,0.0083,,,,,
608,J2349,0.0101,,,,,
608,J2351,0.0058,,,,,
608,J2352,0.0042,0.027,0.0224,,,
608,J2353,0.3253,0.2163,0.1519,pp,,
608,J2354,0.0931,0.1912,0.1412,,,
608,J2355,0.0404,0.0181,0.0131,DEAD,,
608,J2356,0.0103,,,,,
608,J2357,0.0764,,,,,
608,J2358,0.1756,0.1856,0.3263,pp,,
608,J2359,0.0066,,,,,
608,J2360,0.0116,,,,,
609,J2373,0.1441,0.3851,0.5655,,,
609,J2374,0.1773,0.1922,0.2209,pp,,
609,J2375,0.0037,,,,,
609,J2376,0.0116,,,,,
609,J2377,0.0117,0.0151,0.0139,,,
609,J2404,0.0185,0.0283,0.0214,,,
609,J2405,0.1509,0.2184,0.1763,,,
609,J2408,0.0911,0.1252,0.0855,,,
609,J2410,0.0294,0.1074,0.0828,,,
609,J2411,0.1636,0.2704,0.2418,,,
609,J2435,0.0018,0.001,0.0004,small,,
609,J2436,0.0198,,,,,
609,J2437,0.01,0.0261,0.0165,,,
609,J2438,0.0053,,,,,
609,J2439,0.0149,0.0064,0.0003,dead,,
609,J2440,0.0028,,,,,
609,J2442,0.0028,0.0019,0.002,dead,,
609,J2443,0.0058,0.0024,0,dead,,
611,J2001,0.0177,0.0337,0.0329,,,
611,J2004,0.1738,0.3108,0.3346,,,
611,J2005,0.1341,,,,,
611,J2008,0.0547,0.0369,0.0186,DEAD,,
611,J2010,0.3425,,,,,
611,J2012,0.497,,,,,
611,J2016,0.532,0.0181,0.0094,,,
611,J2032,0.0181,,,,,
611,J2033,0.867,0.1706,0.1563,,,
611,J2034,0.1557,0.5037,0.4435,,,
611,J2037,0.0043,,,,,
611,J2063,0.0671,0.1049,0.1234,,,
611,J2066,0.0131,,,,,
611,J2069,0.0318,0.0417,0.0436,,,
611,J2071,0.159,0.0187,0.0268,,,
611,J2074,0.2518,0.123,0.292,PP,,
611,J2075,0.011,0.0099,0.018,NEAR DEATH,,
611,J2095,0.0552,0.0921,0.1648,,,
611,J2097,0.076,0.0677,0.0731,,,
611,J2099,0.297,0.3179,0.4322,PP,,
611,J2100,0.675,,,,,
611,J2102,0.359,,,,,
611,J2103,0.0178,0.0156,0.0311,P,,
611,J2125,0.0616,0.0688,0.0514,,,
611,J2126,0.1425,0.1733,0.274,,,
611,J2127,0.0432,,,,,
611,J2130,0.0704,,,,,
611,J2132,0.0067,0.014,0.0275,,,
611,J2134,0.0038,0.0061,0.0129,,,
611,J2135,0.1554,0.2108,0.1326,,,
611,J2136,0.1049,0.2456,0.2415,,,
611,J2137,0.0097,0.0246,0.0154,,,
611,J2162,0.2902,,,,,
611,J2163,0.2265,,,,,
611,J2165,0.0299,0.018,0.0075,,,
611,J2166,0.1325,0.3552,0.4907,PP,,
611,J2167,0.0494,,,,,
611,J2168,0.0928,,,,,
611,J2169,0.2368,,,,,
611,J2170,0.1435,0.2997,0.3166,PP,,
611,J2172,0.0746,0.2698,0.1476,,,
611,J2175,0.0989,0.3528,0.4391,,,
611,J2177,0.0315,,,,,
611,J2178,0.0468,0.1,0.0548,,,
611,J2179,0.315,,,,,
611,J2249,0.0203,,,,,
611,J2251,0.0011,,,,,
611,J2253,0.0126,0.0318,0.0251,,,
611,J2259,0.0064,,,,,
611,J2260,0.0111,,,,,
611,J2263,0.3334,,,,,
611,J2266,0.0314,0.0719,0.0802,,,
611,J2270,0.227,,,,,
611,J2275,0.249,0.2646,0.1496,,,
611,J2280,0.0052,0.0103,0.0072,,,
611,J2281,0.0058,0.0063,0.0087,,,
611,J2346,0.0627,,,,,
611,J2500,0.0745,,,,,
611,J2502,0.0046,0.0039,0.0005,,,
611,J2503,0.0095,0.033,0.0337,,,
611,J2506,0.1626,,,,,
611,J2507,0.0189,0.0229,0.011,,,
611,J2511,0.1889,0.3077,0.2412,,,
611,J2512,0.0044,0.0162,0.01,,,
611,J2513,0.107,,,,,
611,J2528,0.0445,0.0813,0.0587,,,
611,J2529,0.0201,,,,,
611,J2536,0.31,,,,,
611,J2538,0.0958,0.2351,0.1532,,,
611,J2541,0.232,,,,,
611,J2542,0.1065,,,,,
611,J2543,0.0135,,,,,
611,J2546,0.0241,,,,,
611,J2547,0.0159,0.0468,0.0444,,,
611,J2548,0.0014,,,,Y,
611,J2549,0.0423,0.198,0.1084,,,
611,J2550,0.1239,0.2091,0.2445,,,
611,J2551,0.0191,0.2073,0.2811,,,
611,J2552,0.0608,0.3446,0.314,,,
611,J2559,0.0049,0.0123,0.0114,,,
611,J2561,0.0087,,,,,
611,J2562,0.1461,,,,,
611,J2563,0.127,0.1834,0.0673,,,
611,J2564,0.0182,,,,,
611,J2567,0.0008,,,,,
611,J2568,0.2873,0.3273,0.5833,,,
611,M9025,0.2771,0.377,0.6567,,,
614,J2009,0.2522,,,,,
614,J2076,0.0764,0.0767,0.076,,,
614,J2104,0.0489,0.1794,0.1371,,,
614,J2171,0.1747,,,,,
614,J2254,0.1915,0.4125,0.3627,,,
614,J2267,0.2621,,,,,
614,J2269,0.1351,0.3471,0.2678,,,
614,J2343,0.0155,,,,,
614,J2590,0.0604,0.1726,0.1354,,,
614,J2591,0.2605,,,,,
614,J2593,0.3067,,,,,
614,J2594,0.0361,0.0864,0.0758,,,
614,J2595,0.0016,,,,,
614,J2596,0.0045,0.028,0.0215,,,
614,J2597,0.0019,,,,,
614,J2599,0.0009,0.0051,0.0113,,,
614,J2603,0.018,,,,,
614,J2609,0.0034,0.0181,0.0176,,,
614,J2616,0.0012,0.0288,0.0168,,,
614,J2617,0.0019,0.0152,0.0077,,,
614,J2623,0.2222,0.2648,0.2693,pp,,maybe not pp? right on the cusp
614,J2631,0.1964,0.2702,0.5120,,,
616,J2656,0.0080,0.0154,0.0144,,,
616,J2658,0.0489,0.1088,0.0742,,,
616,J2678,0.091,.1006,.1126,PP,,
616,J2657,0.0156,.0177,.0168,,,
616,J2683,0.2116,.3616,.5950,,,
616,J2653,0.2592,,,,,
616,J2680,0.062,.0850,.0421,,,
616,J2677,0.0015,,,,y,
616,J2659,0.248,,,,,
616,J2682,0.006,.0077,.0050,,,
616,J2660,0.0596,0.0773,0.0782,,,
616,J2679,0.046,.0852,.0640,,,
616,J2675,0.0009,,,,y,
616,J2661,0.0207,,,,,
616,J2676,0.002,,,,y,
616,J2681,0.0176,.0546,.0419,,,
617,J2754,0.0402,0.0309,0.0272,,,
617,J2752,0.0202,0.0235,0.0237,,,
617,J2761,0.1196,,,,,
617,J2723,0.0352,0.0544,0.0376,,,
617,J2728,0.0108,,,,,
617,J2720,0.0349,0.1083,0.0786,,,
617,J2750,0.1079,,,,,
617,J2748,0.0147,0.0344,0.0413,,,
617,J2755,0.0355,,,,,
617,J2757,0.0147,,,,,
617,J2718,0.0079,0.0063,0.0091,,,
617,J2716,0.0313,0.0633,0.0755,,,
617,J2719,0.0138,,,,,
617,J2758,0.0459,0.0769,0.067,,,
617,J2759,0.3875,,,,,
617,J2749,0.1328,0.2578,0.269,,,
617,J2717,0.0121,,,,,
618,J3186,0.0032,0.0253,0.0319,,,
618,J3183,0.0125,0.0030,0.0046,,,
618,J3185,0.0069,,,,,
618,J2815,0.0135,0.0089,0.0373,,,
618,J2807,0.0337,,,,,
618,J2784,0.0785,,,,,
618,J2814,0.0218,0.0670,0.0568,,,
618,J2813,0.0529,.1917,.2960,,,
618,J2788,0.0469,0.0634,0.0604,,,
618,J3179,0.013,0.0326,0.0546,,,
618,J2819,0.0797,0.0357,0.0760,dead,,
618,J2820,0.0072,0.1672,0.2147,pp,,
618,J2817,0.0225,0.0993,0.1040,,,
618,J3184,0.1363,,,,,
618,J2812,0.0441,0.3915,0.4552,,,
618,J2821,0.0024,,,,,
618,J2781,0.0691,0.0238,0.0008,dead,,
618,J2816,0.0207,,,,,
621,J2844,0.0053,0.0026,0.0011,,,
621,J2848,0.0593,0.1046,0.1033,,,
621,J2841,0.2647,0.1871,0.2251,pp,,
621,J2874,0.0109,,,,,
621,J2873,0.0329,,,,,
621,J2880,0.0453,0.1183,0.1082,,,
621,J2877,0.0711,0.1375,0.1382,,,
621,J2843,0.0398,0.0900,0.1050,,,
621,J2846,0.0247,,,,,
621,J2842,0.0186,0.0383,0.0498,,,
621,J2875,0.0065,0.0237,0.0302,,,
621,J2840,0.0816,,,,,
621,J2839,0.0629,,,,,
622,J2938,0.1276,0.215,0.1705,,,
622,J2905,0.2876,,,,,
622,J2934,0.0733,0.1242,0.1028,P,,
622,J2901,0.0492,0.0762,0.0828,,,
622,J2909,0.0051,0.0142,0.0135,,,
622,J2915,0.2399,,,,,
622,J2919,0.1064,,,,,
622,J2912,0.0345,0.0806,0.072,,,
622,J2903,0.0222,,,,,
622,J2933,0.0532,0.361,0.305,,,
622,J2993,0.0177,0.0179,0.0155,,,
622,J2921,0.0455,0.0884,0.1132,,,
622,J2932,0.2629,0.2266,0.2098,PP,,
622,J2917,0.0053,,,,,
622,J2914,0.0306,,,,,
623,J2878,0.0123,0.0298,0.0274,,,
623,J3034,0.0221,0.0979,0.1291,,,
623,J3037,0.2740,0.3541,0.1984,,,
623,J2963,0.0859,0.1190,0.0446,,,
623,J3024,0.0141,0.0312,0.0344,,,
623,J3029,0.0355,0.0699,0.2142,,,
623,J3035,0.0189,0.1051,0.1086,,,
623,J3030,0.0125,0.0738,0.0603,,,
623,J3031,0.0769,,,,,
623,J2966,0.0116,0.0954,0.0747,,,
623,J3025,0.0473,,,,,
623,J2962,0.0786,,,,,
624,J3133,0.046,.0652,.0620,,,
624,J3138,0.0634,.1473,.1512,,,
624,J3123,0.055,,,,,
624,J3224,0.1364,.2587,.1908,,,
624,J3169,0.3075,.2203,.2653,pp,,
624,J3134,0.0158,.0304,.0252,,,
624,J3170,0.05,,,,,
624,J3234,0.0411,.0684,.0711,,,
624,J3153,0.0473,.0944,.0493,,,
624,J3175,0.0426,.0696,.0438,,,
624,J3226,0.0117,,,,,
624,J3164,0.1674,.3525,.4105,,,
624,J3132,0.016,0.0177,0.0095,,,
624,J3118,0.0099,.0405,.0274,,,
624,J3213,0.0096,.0347,.0332,,,
624,J3151,0.0523,.1054,.0607,,,
624,J3168,0.051,.1332,.1284,,,
624,J3166,0.0216,.0727,.0434,,,
624,J3152,0.072,.1233,.0906,,,
624,J3174,0.2249,,,,,
624,J3235,0.1628,.1816,.1765,pp,,
624,J3173,0.0226,.3700,.5418,,,initial weight accurate?
624,J3160,0.0525,,,,,
624,J3225,0.1219,.1959,.1833,,,
624,J3156,0.0298,.0357,.0340,,,
624,J3148,0.0845,,,,,
624,J3223,0.1296,,,,,
624,J3154,0.0646,0.1348,.0884,,,
625,J3277,0.024,0.0269,0.018,,,
625,J3165,0.0104,0.0348,0.0192,PP,,
625,J3136,0.0593,0.0692,0.0945,,,
625,J3280,0.0095,0.0112,0.0164,,,
625,J3252,0.0167,,,,,
625,J3272,0.0346,0.0655,0.1023,,,
625,J3251,0.0621,0.2424,0.1431,,,
625,J3275,0.0525,0.0322,0.0047,PUPAL,,
625,J3248,0.0132,0.1047,0.0653,,,
625,J3249,0.0149,0.1167,0.0729,,,
629,J3212,0.0184,0.0315,0.0403,,,
629,J3129,0.0024,,,,,
629,J3431,0.0088,,,,,
629,J3231,0.0022,0.0052,0.0075,,,
629,J3147,0.0109,0.0191,0.0324,,,
629,J3448,0.0522,0.1806,0.1356,,,
629,J3444,0.0036,0.0161,0.0084,,,
629,J3370,0.0023,0.0143,0.0117,,,
629,J2904,0.0025,0.0084,0.0087,,,
629,J3434,0.0669,,,,,
629,J3430,0.0056,0.0080,0.0125,,,
629,J3368,0.0095,0.0165,0.0127,,,
629,J3454,0.0071,,,,,
629,J3369,0.0059,0.0108,0.0089,,,
629,J3140,0.0053,0.0126,0.0220,,,
629,J3124,0.0137,0.0231,0.0488,,,
629,J3141,0.0098,0.0121,0.0113,,,
629,J3433,0.0052,,,,,
630,J3372,0.0033,0.0052,0.0063,,,
630,J3552,0.0051,0.0092,0.0091,,,
630,J3485,0.0074,,,D,,
630,J3487,0.0054,0.0096,0.0119,,,
630,J3483,0.0122,0.0118,0.0147,,,
630,J3484,0.0112,0.0087,0.0101,,,
630,J3146,0.0114,0.0215,0.0392,,,
630,J3463,0.0063,,,D,,
630,J3131,0.0148,0.0254,0.0278,,,
630,J3557,0.0064,,,,,
630,J3473,0.0040,0.0045,0.0048,,,
630,J3555,0.0032,,,,,
630,J3143,0.0087,0.0080,0.0069,,,
630,J3558,0.0052,,,,,
630,J3162,0.0083,0.0121,0.0085,,,
630,J3468,0.007,0.0124,0.0106,,,
630,J3122,0.0377,0.0554,0.0453,P,,
630,J3480,0.0142,0.0127,0.0097,,,
630,J3125,0.0069,,,,,
630,J3471,0.0046,0.0053,0.0054,,,
630,J3121,0.0052,0.0081,0.0069,,,
630,J3482,0.004,0.0026,0.0027,,,
630,J3221,0.0058,0.0062,0.0100,,,
630,J3556,0.0059,,,,,
701,J3585,.0158,0.1013,0.1432,,,
701,J3605,.2584,,,,,
701,J3591,0.0111,0.0291,0.0189,,,
701,J3590,0.0029,0.0035,0.0025,,,
701,J3608,0.0061,,,,,
701,J3592,0.0060,0.0065,0.0071,,,
701,J3582,0.0029,,,,,
701,J3604,0.0175,0.0263,0.0171,,,
701,J3583,0.0051,0.0403,0.0231,,,
701,J3607,0.0029,0.0031,0.0007,,,
702,K4013,0.0132,,,,,
702,K4004,0.0244,0.0201,0.0147,,,
702,K4007,0.0069,,,,,
702,K4030,0.0495,0.2507,0.3190,,,Appears to have a brown mass coming out of its side
702,K4006,0.0044,0.0272,0.0221,,,
702,K4031,0.0178,,,,,
702,K4008,0.0065,0.0608,0.0449,,,
702,K4010,0.0062,0.0174,0.0165,,,
702,K4014,0.0322,0.0741,0.0667,,,
702,K4011,0.4724,,,,,
702,K4012,0.0259,0.0792,0.0722,,,
702,K4015,0.0149,0.0199,0.0253,,,
702,K4003,0.1989,0.7788,0.8913,,,
702,K4024,0.0072,0.0107,0.0193,,,
702,K4022,0.0883,,,,,
702,K4023,0.0410,,,,,
702,K4026,0.0054,0.0062,0.0053,,,
702,K4016,0.0189,0.0154,0.0021,,,completely rejected host
705,J3135,0.0042,0.0078,0.0096,,,
705,K4067,0.0093,0.0150,0.0121,,,
705,K4084,0.0066,,,,,
705,K4082,0.0319,0.0288,0.0262,,,
705,K4075,0.0440,0.0698,0.0451,,,
705,K4070,0.0076,0.0057,0.0032,,,
705,K4079,0.0085,0.0060,0.0064,DEAD,,
705,K4066,0.0355,,,,,
705,K4096,0.0078,0.0065,0.0063,,,
705,J3218,0.0063,0.0035,0.0026,,,
705,J3428,0.0046,0.0143,0.0105,,,
705,J3244,0.0103,0.0140,0.0081,,,
705,K4103,0.0211,0.0315,0.0283,,,
705,K4078,0.0086,0.0068,0.0041,,,
705,J3445,0.0043,0.0034,0.0037,,,
705,J3214,0.0301,0.0331,0.0370,PP,,
705,J3253,0.0079,0.0026,0.0054,DEAD,,
705,K4081,0.0117,0.0263,0.0166,,,
705,K4106,0.0069,0.0031,0.0014,DEAD,,
705,K4107,0.0052,0.0029,0.0057,,,
705,K4095,0.0119,0.0331,0.0296,,,
705,K4068,0.0115,0.0255,0.0293,,,
705,K4076,0.0794,,,,,
705,K4083,0.0198,,,PUPA,,
705,K4085,0.0043,0.0035,0.0052,,,
705,J3230,0.0034,0.0040,0.0045,,,
706,J2844,0.0127,0.0234,0.0205,,,
706,K4072,0.0039,0.0072,0.0074,,,
706,J3464,0.0082,0.0276,0.0260,,,
706,J3216,0.0093,0.0335,0.0393,,,
706,J2902,0.0116,,,,,
706,J2746,0.0187,0.0475,0.0277,,,
706,J2871,0.0195,0.0624,0.0802,,,
706,K4128,0.3453,0.2468,0.2225,PP,,
706,J2756,0.0058,0.0122,0.0146,,,
706,K4133,0.0084,0.0138,0.0137,,,
706,K4132,0.0124,,,,,
706,K4129,0.0027,0.0049,0.0128,,,
707,K4080,0.0080,.0326,.0277,,,
707,J3371,0.0086,.0268,.0307,,,
707,J2942,0.0062,.0161,.0210,,,
707,K4005,0.0020,.0038,.0051,,,
707,K4038,0.0085,,,,,
707,K4245,0.0178,.0216,.0083,,,
707,J3274,0.0066,.0262,.0181,,,
707,K4225,0.0042,0.0059,0.0054,,,
707,K4017,0.0133,.0242,.0238,,,
707,K4021,0.0056,0.0088,.0049,,,
707,K4238,0.0399,.1777,.1391,,,
707,J3475,0.0037,.0082,.0082,,,same
707,K4020,0.0121,.0216,.0227,,,
707,J3158,0.0034,.0073,.0050,,,
707,K4233,0.0032,.0048,.0045,,,
707,K4031,0.0173,.0327,.0305,,,
707,K4229,0.0255,.0204,.0196,pp,,
707,K4071,0.0091,.0180,.0233,,,
707,K4037,0.0140,,,,,
707,K4032,0.0127,.0178,.0181,,,
707,K4242,0.0062,0.0066,.0057,,,
707,K4241,0.0158,,,,,
707,K4039,0.0182,.0452,.0424,,,
707,K4238,0.0026,.0069,.0069,,,yes theyre the same
707,K4240,0.0120,0.0333,.0347,,,
707,K4236,0.0041,,,,,
707,K4239,0.0059,.0047,.0029,dead,,
707,K4230,0.0210,.0106,.0204,,,final weight correct and caterillar is not prepupal. everything looks fine.
707,K4248,0.0829,.1298,.0900,,,
707,K4220,0.0469,.0353,.0122,,,
707,K4040,0.0066,.0213,.0130,,,
707,K4069,0.0022,.0027,.0038,,,
707,K4241,0.0155,.0279,.0285,pp,,
707,K4247,0.0103,.0207,.0229,,,
707,K4027,0.0022,.0040,.0037,,,
707,K4246,0.0023,.0031,.0026,,,
708,K4191,0.0251,,,,,
708,K4189,0.0056,0.0143,0.0165,,,
708,K4156,0.0021,,,,,
708,K4159,0.0047,,,,,
708,J3469,0.0073,0.0104,0.0104,,,
708,K4187,0.0247,0.0412,0.0373,,,
713,K4190,0.0055,0.0084,0.0137,,,
713,J3588,0.0029,0.0043,0.0023,,,
713,K4009,0.0207,0.0442,0.0334,,,
713,J3466,0.0073,0.0095,0.0075,,,
713,K4134,0.0026,0.0037,0.0032,,,
713,K4161,0.0176,0.0633,0.1106,,,
713,J2676,0.0117,0.0100,0.0043,,,
713,K4018,0.0056,0.0079,0.0046,,,
713,J3472,0.0078,0.0198,0.0126,,,
713,K4073,0.0048,,,DEAD,,
713,K4221,0.0036,0.0044,0.0064,,,
713,J2909,0.0597,0.0678,0.0177,,,
713,J3479,0.0097,0.0122,0.0158,,,
713,K4188,0.0044,0.0111,0.0081,,,
713,J3602,0.0058,0.0074,0.0056,,,
713,K4224,0.0033,0.0056,0.0072,,,
713,K4025,0.0023,0.0041,0.0062,,,
713,J3481,0.0065,0.0091,0.0068,,,
714,K4315,.0095,0.0143,0.0176,,,
714,K4314,.0094,,,DEAD,,
714,K4336,.0086,0.0149,0.0148,,,
714,K4284,.0303,0.0363,0.0399,PP,,
714,K4294,.0192,0.0441,0.0412,,,
714,K4317,.0478,,,,,
714,K4311,.0064,0.0118,0.0103,,,
714,K4324,.0087,0.0135,0.0145,,,
714,K4325,.0185,0.0286,0.0382,,,
714,K4281,.0086,,,D,,TOID SUSPECTED
714,K4326,.0428,,,PUPA,,
714,K4298,.0067,0.0122,0.0095,,,
714,K4249,.0127,0.0194,0.0186,,,
714,K4338,.0182,0.0405,0.0571,,,
714,K4331,.0117,0.0298,0.0303,,,
714,K4312,.0164,,,,,
714,K4288,.0351,0.0224,0.0104,PP,,
714,K4337,.0288,0.0319,0.0328,PP,,
714,K4340,.0227,0.0221,0.0210,,,
714,K4339,.0277,0.0344,0.0381,PP,,
714,K4290,.0099,0.0154,0.0240,,,
714,K4286,.0318,0.0329,0.0158,,,
714,K4334,.0093,0.0103,0.0080,,,
714,K4295,.0105,0.0122,0.0075,,,
714,K4320,.0105,0.0110,0.0084,,,
714,K4313,.0058,0.0085,0.0079,,,
714,K4329,.0129,0.0185,0.0130,,,
714,K4282,.0301,,,DEAD,,
714,K4291,.0048,,,DEAD,,
714,K4341,.0258,0.0377,0.0280,,,
714,K4280,.0115,0.0182,0.0165,,,
714,K4318,.0069,,,DEAD,,
715,K4353,0.0189,0.0211,0.0069,,,
715,K4342,0.0094,0.0133,0.0236,,,
715,K4346,0.0392,,,PUPAL,,
715,K4345,0.0251,0.0208,0.0126,PP,,
715,K4354,0.0358,,,PUPAL,,
716,K4442,0.0545,0.0908,0.0540,,,
716,K4319,0.0087,0.0157,0.0220,,,
716,J3437,0.0025,0.0066,0.0059,,,
716,K4283,0.0091,0.0234,0.0200,,,
716,K4460,0.0356,0.0355,0.0284,,,
716,K4436,0.0133,0.0145,0.0170,,,
716,K4357,0.0092,0.0070,0.0042,,,
716,K4439,0.0409,0.0719,0.0495,,,
716,K4455,0.0235,0.0218,0.0135,,,
716,K4448,0.0562,,,PUPA,,
716,K4451,0.0856,,,PP,,NO FRASS
716,K4443,0.0152,0.0187,0.0053,,,
716,K4440,0.0512,0.0840,0.0547,,,
716,K4457,0.0046,0.0103,0.0095,,,
716,K4449,0.0080,0.0116,0.0077,,,
716,K4453,0.0023,,,DEAD,,
716,K4437,0.0625,0.1096,0.0884,,,
716,K4459,0.0860,,,PP,,NO FRASS
719,K4389,0.0375,,,,,
719,K4390,0.0249,0.0643,0.0531,,,
719,K4401,0.0392,,,,,
719,K4374,0.0211,0.0263,0.0337,,,
719,K4373,0.0130,0.0292,0.0386,,,
719,K4388,0.0344,,,,,
719,K4381,0.0445,,,,,
719,K4402,0.0467,,,,,
719,K4393,0.0473,,,,,
719,K4403,0.0237,,,PUPA,,
719,K4406,0.0322,0.0723,0.0497,,,
719,K4377,0.0161,0.0097,,,,REJECTING HOST
719,K4387,0.0234,,,,,
719,K4411,0.0338,,,,,
719,K4383,0.0464,,,,,
719,K4394,0.0048,0.0143,0.0142,,,
719,K4410,0.0166,,,,,
719,K4395,0.0475,,,,,
719,K4405,0.0323,,,,,
719,K4404,0.0383,,,,,
719,K4408,0.0214,0.0688,0.0605,,,
719,K4384,0.0216,,,,,
719,K4399,0.0240,,,,,
719,K4391,0.0252,0.0906,0.1272,PP,,
719,K4400,0.0299,,,,,
719,K4396,0.0258,0.0574,0.0743,PP,,
719,K4409,0.0236,,,,,
719,K4398,0.0347,,,,,
719,K4380,0.0226,,,,,
719,K4397,0.0267,,,,,
719,K4386,0.0283,,,,,
719,K4382,0.0285,,,,,
719,K4407,0.0476,,,,,
719,K4392,0.0232,,,,,
719,K4385,0.0281,,,,,
720,K4466,0.0476,0.0440,0.0215,,,
720,K4497,0.1460,0.1816,0.0826,,,
720,K4223,0.0053,0.0086,0.0158,,,
720,K4347,0.0187,0.0316,0.0202,,,
720,K4522,0.0041,0.0053,0.0030,,,
720,K4289,0.0104,,,DEAD,,
720,K4328,0.0077,0.0147,0.0112,,,
720,K4165,0.0064,0.0133,0.0076,,,
720,K4231,0.0061,0.0169,0.0196,,,
720,K4323,0.0057,0.0108,0.0095,,,
721,K4544,0.0088,0.0124,0.0130,,,
721,K4456,0.0063,0.0125,0.0144,,,
721,K4348,0.0041,0.0056,0.0043,DEAD,,
721,K4537,0.0201,0.0217,0.0133,,,
721,K4536,0.0026,0.0029,0.0033,,,
721,K4541,0.0034,0.0165,0.0149,,,
721,K4532,0.0053,,,DEAD,,
721,K4531,0.0402,0.0764,0.0760,,,
721,K4529,0.2673,0.1978,0.2325,PP,,
722,K4560,0.3584,0.1909,0.0067,PP,,
722,K4569,0.0030,0.0130,0.0133,,,
722,K4575,0.0125,0.0424,0.0497,,,
722,K4574,0.0378,,,,,
722,K4559,0.0106,0.0297,0.0301,,,
722,K4562,0.0159,0.0291,0.0409,PP,,frass weight includes a bunch of silk
722,K4573,0.0367,,,PUPA,,
722,K4576,0.0169,0.0194,0.0158,,,
722,K4564,0.0165,0.0229,0.0178,,,
722,K4561,0.0064,,,,,
722,K4568,0.0234,0.0305,0.0115,,,
722,K4572,0.0306,0.0334,0.0145,,,
722,K4566,0.0538,,,PUPA,,
723,K4565,0.0106,0.0089,0.0085,,,
723,K4293,0.0052,0.0108,0.0102,,,
723,K4101,0.0090,0.0111,0.0115,,,
723,K4222,0.0043,0.0078,0.0086,,,
723,K4375,0.0069,0.0107,0.0071,,,
723,K4321,0.0101,0.0333,0.0342,,,
723,K4287,0.0043,,,D,,
723,J3427,0.0057,0.0157,0.0117,,,
723,K4447,0.0084,0.0036,0.0005,,,ATTACHES LEAFS ONTO BODY
723,K4378,0.0036,0.0066,0.0064,,,
723,K4379,0.0021,0.0039,0.0033,,,
723,K4335,0.0032,0.0070,0.0059,,,
723,K4598,0.1241,0.1012,0.0413,,,
723,K4604,0.0238,0.0261,0.0177,,,
723,K4595,0.0091,0.0317,0.0313,,,
723,K4602,0.0188,0.0248,0.0266,,,
723,K4592,0.0104,0.0063,0.0051,,,
723,K4594,0.0511,,,T,,
723,K4591,0.0066,0.0084,0.0040,,,
723,K4599,0.0070,0.0097,0.0061,,,
723,K4593,0.0104,0.0108,0.0068,,,
723,K4597,0.0175,0.0224,0.0253,,,
723,K4601,0.0056,0.0059,0.0047,,,
723,K4603,0.0235,0.0254,0.0501,,,
726,K5001,0.0095,0.0886,0.1727,,,
726,K5009,0.0040,0.0039,0.0027,,,
726,K5003,0.0059,0.0840,0.1779,,,
726,K5000,0.0353,0.1004,0.0817,,,
726,K5008,0.0438,0.1960,0.3276,,,
726,K4995,0.0069,0.0298,0.0217,,,
727,K4625,0.0124,0.0094,0.005,,,
727,K4627,0.0167,0.0317,0.0187,,,
727,K4654,0.0244,,,D,,NO FRASS
727,K4624,0.0154,0.0197,0.0130,,,
727,K4653,0.0051,,,D,,NO FRASS
727,K4626,0.0209,0.0177,0.0024,,,
727,K4629,0.0086,,,,,
727,K4633,0.0099,,,D,,NO FRASS
727,K4333,0.0096,0.0257,0.0300,,,
727,K4316,0.0074,0.0085,0.0036,,,
727,K4332,0.0100,,,D,,
727,K4542,0.0097,0.0139,0.0107,,,
727,K4349,0.0173,0.0303,0.0220,,,
727,K4628,0.0050,,,D,,
728,K5035,0.1407,,,P,,
728,K5028,0.0068,,,D,,
728,K5032,0.0040,,,D,,
728,K5025,0.0259,0.0226,0.0064,,,
728,K5027,0.0108,0.0075,0.0064,,,
728,K5039,0.0100,0.0156,0.0077,,,
728,K5029,0.0179,,,MIA,,
730,K4685,0.4334,0.3133,0.4141,T,,
730,K4686,0.0186,0.0309,0.0384,,,
730,K4692,0.0033,0.0117,0.0106,,,
730,K4687,0.0299,0.0331,0.0342,,,
730,K4697,0.0321,0.0096,0.0149,D,,
730,K4689,0.0575,0.0307,0.0124,,,
730,K4292,0.0069,0.0125,0.0095,,,
730,K4694,0.0043,0.0104,0.0146,,,
730,K5002,0.0042,0.0070,0.0100,,,
730,K4999,0.0079,0.0285,0.0239,,,
730,K4596,0.0207,0.1011,0.4075,PP,,
803,K4621,0.0156,.0259,.0428,,,
803,K4141,0.0077,0.0167,0.0187,,,
803,K4727,0.0225,,,P,,
803,K4570,0.0086,.0126,.0044,,,
803,K4998,0.0337,,,P,,
803,K5024,0.0048,,,T,,
803,K4715,0.0225,0.0287,0.0141,,,
803,K4567,0.0099,.0252,0.0394,,,
803,J3246,0.0046,.0042,.0017,,,
803,K4725,0.0333,0.0571,.0295,,,
803,K4721,0.0294,0.0649,0.0265,,,
803,K4724,0.0135,0.0203,0.0306,,,
803,K4719,0.0073,,,D,,NO FRASS
803,K4723,0.0381,0.0336,0.0003,,,
803,K4716,0.0212,0.0482,0.0216,,,
817,K4534,0.0993,,,P,,
817,K4696,0.0059,0.0327,0.0500,,,
817,K4714,0.0977,0.4867,0.9162,,,
817,K4344,0.0048,0.0056,0.0066,,,
817,K4726,0.0131,0.0376,0.0363,,,
817,K4237,0.0099,0.0168,0.0115,,,
817,K4683,0.0519,0.1721,0.3428,,,
817,K4528,0.0127,0.0537,0.0891,,,
817,K4693,0.0103,0.0141,0.0067,,,
817,K4690,0.0286,0.0987,0.0650,,,
817,K4250,0.0242,0.0196,0.0040,,,
817,K4632,0.0294,0.0615,0.0521,,,
817,K4717,0.1225,0.3684,0.8291,,,
817,K5041,0.0151,0.0276,0.0242,,,
817,K4688,0.0112,0.0096,0.0042,,,
817,K4996,0.0356,0.0689,0.0337,,,
817,K4691,0.0113,0.0410,0.0358,,,